CURSO;COD_RUCT;TITULACION;CENTRO;P_ESTU_TITULADOS_INTERCAMBIO
2022-23;2500739;GRADO EN ARQUITECTURA TÉCNICA;E.T.S. DE INGENIERÍA DE EDIFICACIÓN;10,170000
2022-23;2500801;GRADO EN CIENCIAS AMBIENTALES;ESCUELA POLITECNICA SUPERIOR DE GANDIA;31,820000
2022-23;2501354;GRADO EN COMUNICACIÓN AUDIOVISUAL;ESCUELA POLITECNICA SUPERIOR DE GANDIA;28,170000
2022-23;2501355;GRADO EN TURISMO;ESCUELA POLITECNICA SUPERIOR DE GANDIA;11,110000
2022-23;2501356;GRADO EN INGENIERÍA EN DISEÑO INDUSTRIAL Y DESARROLLO DE PRODUCTOS;E. POLITÉCNICA SUPERIOR DE ALCOY;27,140000
2022-23;2501356;GRADO EN INGENIERÍA EN DISEÑO INDUSTRIAL Y DESARROLLO DE PRODUCTOS;E.T.S. DE INGENIERIA DEL DISEÑO;32,840000
2022-23;2501484;GRADO EN BELLAS ARTES;FACULTAD DE BELLAS ARTES;18,510000
2022-23;2501485;GRADO EN CONSERVACIÓN Y RESTAURACIÓN DE BIENES CULTURALES;FACULTAD DE BELLAS ARTES;20,000000
2022-23;2501486;GRADO EN GESTIÓN Y ADMINISTRACIÓN PÚBLICA;FACULTAD DE ADMINISTRACIÓN Y DIRECCIÓN DE EMPRESAS;18,870000
2022-23;2501649;GRADO EN BIOTECNOLOGÍA;E.T.S.I. AGRONÓMICA Y DEL MEDIO NATURAL;45,630000
2022-23;2501650;GRADO EN CIENCIA Y TECNOLOGÍA DE LOS ALIMENTOS;E.T.S.I. AGRONÓMICA Y DEL MEDIO NATURAL;42,250000
2022-23;2501651;GRADO EN ADMINISTRACIÓN Y DIRECCIÓN DE EMPRESAS;E. POLITÉCNICA SUPERIOR DE ALCOY;20,340000
2022-23;2501651;GRADO EN ADMINISTRACIÓN Y DIRECCIÓN DE EMPRESAS;FACULTAD DE ADMINISTRACIÓN Y DIRECCIÓN DE EMPRESAS;43,060000
2022-23;2501653;GRADO EN INGENIERÍA AEROESPACIAL;E.T.S. DE INGENIERIA DEL DISEÑO;30,480000
2022-23;2501654;GRADO EN INGENIERÍA AGROALIMENTARIA Y DEL MEDIO RURAL;E.T.S.I. AGRONÓMICA Y DEL MEDIO NATURAL;14,580000
2022-23;2501655;GRADO EN INGENIERÍA ELÉCTRICA;E. POLITÉCNICA SUPERIOR DE ALCOY;32,260000
2022-23;2501655;GRADO EN INGENIERÍA ELÉCTRICA;E.T.S. DE INGENIERIA DEL DISEÑO;13,460000
2022-23;2501656;GRADO EN INGENIERÍA ELECTRÓNICA INDUSTRIAL Y AUTOMÁTICA;E.T.S. DE INGENIERIA DEL DISEÑO;16,920000
2022-23;2501657;GRADO EN INGENIERÍA GEOMÁTICA Y TOPOGRAFÍA;E.T.S.I. GEODESICA, CARTOGRAFICA Y TOP.;16,670000
2022-23;2501658;GRADO EN INGENIERÍA DE ORGANIZACIÓN INDUSTRIAL;E.T.S.I. INDUSTRIALES;38,890000
2022-23;2501659;GRADO EN INGENIERÍA EN TECNOLOGÍAS INDUSTRIALES;E.T.S.I. INDUSTRIALES;26,530000
2022-23;2501660;GRADO EN INGENIERÍA FORESTAL Y DEL MEDIO NATURAL;E.T.S.I. AGRONÓMICA Y DEL MEDIO NATURAL;4,760000
2022-23;2501661;GRADO EN INGENIERÍA INFORMÁTICA;E. POLITÉCNICA SUPERIOR DE ALCOY;13,160000
2022-23;2501661;GRADO EN INGENIERÍA INFORMÁTICA;E.T.S. DE INGENIERÍA INFORMÁTICA;18,710000
2022-23;2501662;GRADO EN INGENIERÍA QUÍMICA;E. POLITÉCNICA SUPERIOR DE ALCOY;18,520000
2022-23;2501662;GRADO EN INGENIERÍA QUÍMICA;E.T.S.I. INDUSTRIALES;14,290000
2022-23;2501663;GRADO EN INGENIERÍA DE SISTEMAS DE TELECOMUNICACIÓN, SONIDO E IMAGEN;ESCUELA POLITECNICA SUPERIOR DE GANDIA;11,110000
2022-23;2502182;GRADO EN INGENIERÍA MECÁNICA;E. POLITÉCNICA SUPERIOR DE ALCOY;7,460000
2022-23;2502182;GRADO EN INGENIERÍA MECÁNICA;E.T.S. DE INGENIERIA DEL DISEÑO;20,830000
2022-23;2502405;GRADO EN INGENIERÍA DE OBRAS PÚBLICAS;E.T.S.I. CAMINOS, CANALES Y PUERTOS;10,000000
2022-23;2502407;GRADO EN INGENIERÍA DE TECNOLOGÍAS Y SERVICIOS DE TELECOMUNICACIÓN;E.T.S.I. DE TELECOMUNICACIÓN;24,460000
2022-23;2502507;GRADO EN INGENIERÍA CIVIL;E.T.S.I. CAMINOS, CANALES Y PUERTOS;21,150000
2022-23;2502660;GRADO EN INGENIERÍA DE LA ENERGÍA;E.T.S.I. INDUSTRIALES;20,370000
2022-23;2502731;GRADO EN INGENIERÍA BIOMÉDICA;E.T.S.I. INDUSTRIALES;27,540000
2022-23;2503025;GRADO EN FUNDAMENTOS DE LA ARQUITECTURA;E.T.S. DE ARQUITECTURA;30,410000
2022-23;2503349;GRADO EN DISEÑO Y TECNOLOGÍAS CREATIVAS;FACULTAD DE BELLAS ARTES;29,250000
2022-23;2503504;GRADO EN TECNOLOGÍAS INTERACTIVAS;ESCUELA POLITECNICA SUPERIOR DE GANDIA;5,880000
2022-23;2503653;GRADO EN CIENCIA DE DATOS;E.T.S. DE INGENIERÍA INFORMÁTICA;21,820000
2022-23;2503930;GRADO EN TECNOLOGÍA DIGITAL Y MULTIMEDIA;E.T.S.I. DE TELECOMUNICACIÓN;30,950000
2022-23;4310279;MÁSTER UNIVERSITARIO EN COMPUTACIÓN EN LA NUBE Y DE ALTAS PRESTACIONES / CLOUD AND HIGH-PERFORMANCE COMPUTING;UNIDAD DE MÁSTERES UNIVERSITARIOS;0,000000
2022-23;4310280;MÁSTER UNIVERSITARIO EN EDIFICACIÓN;E.T.S. DE INGENIERÍA DE EDIFICACIÓN;0,000000
2022-23;4310282;MÁSTER UNIVERSITARIO EN INGENIERÍA ACÚSTICA;ESCUELA POLITECNICA SUPERIOR DE GANDIA;0,000000
2022-23;4310284;MÁSTER UNIVERSITARIO EN INGENIERÍA DE COMPUTADORES Y REDES;UNIDAD DE MÁSTERES UNIVERSITARIOS;0,000000
2022-23;4310288;MÁSTER UNIVERSITARIO EN TRANSPORTE, TERRITORIO Y URBANISMO;E.T.S.I. CAMINOS, CANALES Y PUERTOS;0,000000
2022-23;4310468;MÁSTER UNIVERSITARIO EN SANIDAD Y PRODUCCIÓN VEGETAL;UNIDAD DE MÁSTERES UNIVERSITARIOS;0,000000
2022-23;4310569;MÁSTER UNIVERSITARIO EN INGENIERÍA AVANZADA DE PRODUCCIÓN, LOGÍSTICA Y CADENA DE SUMINISTRO;E.T.S.I. INDUSTRIALES;0,000000
2022-23;4310809;MÁSTER UNIVERSITARIO EN ARTES VISUALES Y MULTIMEDIA;UNIDAD DE MÁSTERES UNIVERSITARIOS;26,670000
2022-23;4310813;MÁSTER UNIVERSITARIO EN GESTIÓN DE EMPRESAS, PRODUCTOS Y SERVICIOS;FACULTAD DE ADMINISTRACIÓN Y DIRECCIÓN DE EMPRESAS;33,330000
2022-23;4310814;MÁSTER UNIVERSITARIO EN DIRECCIÓN FINANCIERA Y FISCAL;FACULTAD DE ADMINISTRACIÓN Y DIRECCIÓN DE EMPRESAS;9,090000
2022-23;4310898;MÁSTER UNIVERSITARIO EN DIRECCIÓN Y GESTIÓN DE PROYECTOS;E.T.S.I. INDUSTRIALES;0,000000
2022-23;4310960;MÁSTER UNIVERSITARIO EN GESTIÓN CULTURAL;UNIDAD DE MÁSTERES UNIVERSITARIOS;0,000000
2022-23;4310963;MÁSTER UNIVERSITARIO EN ARQUITECTURA AVANZADA, PAISAJE, URBANISMO Y DISEÑO;E.T.S. DE ARQUITECTURA;0,000000
2022-23;4310964;MÁSTER UNIVERSITARIO EN AUTOMÁTICA E INFORMÁTICA INDUSTRIAL;UNIDAD DE MÁSTERES UNIVERSITARIOS;5,560000
2022-23;4310965;MÁSTER UNIVERSITARIO EN CIENCIA E INGENIERÍA DE LOS ALIMENTOS;E.T.S.I. AGRONÓMICA Y DEL MEDIO NATURAL;4,550000
2022-23;4310966;MÁSTER UNIVERSITARIO EN CONSERVACIÓN DEL PATRIMONIO ARQUITECTÓNICO;E.T.S. DE ARQUITECTURA;6,250000
2022-23;4310967;MÁSTER UNIVERSITARIO EN CONSERVACIÓN Y RESTAURACIÓN DE BIENES CULTURALES;UNIDAD DE MÁSTERES UNIVERSITARIOS;10,000000
2022-23;4310968;MÁSTER UNIVERSITARIO EN CONSTRUCCIONES E INSTALACIONES INDUSTRIALES;E.T.S.I. INDUSTRIALES;0,000000
2022-23;4310969;MÁSTER UNIVERSITARIO EN DISEÑO Y FABRICACIÓN INTEGRADA ASISTIDOS POR COMPUTADOR;E.T.S. DE INGENIERIA DEL DISEÑO;5,000000
2022-23;4310971;MÁSTER UNIVERSITARIO EN INGENIERÍA DE SISTEMAS ELECTRÓNICOS;E.T.S.I. DE TELECOMUNICACIÓN;0,000000
2022-23;4310972;MÁSTER UNIVERSITARIO EN INGENIERÍA Y TECNOLOGÍA DE SISTEMAS SOFTWARE;UNIDAD DE MÁSTERES UNIVERSITARIOS;6,670000
2022-23;4310973;MÁSTER UNIVERSITARIO EN INGENIERÍA DEL DISEÑO;E.T.S. DE INGENIERIA DEL DISEÑO;13,210000
2022-23;4310974;MÁSTER UNIVERSITARIO EN INGENIERÍA DEL HORMIGÓN;UNIDAD DE MÁSTERES UNIVERSITARIOS;0,000000
2022-23;4310975;MÁSTER UNIVERSITARIO EN INGENIERÍA DEL MANTENIMIENTO;E.T.S. DE INGENIERIA DEL DISEÑO;4,550000
2022-23;4310976;MÁSTER UNIVERSITARIO EN PLANIFICACIÓN Y GESTIÓN EN INGENIERÍA CIVIL;E.T.S.I. CAMINOS, CANALES Y PUERTOS;0,000000
2022-23;4310977;MÁSTER UNIVERSITARIO EN INGENIERÍA HIDRÁULICA Y MEDIO AMBIENTE;UNIDAD DE MÁSTERES UNIVERSITARIOS;0,000000
2022-23;4310978;MÁSTER UNIVERSITARIO EN INGENIERÍA MECÁNICA;UNIDAD DE MÁSTERES UNIVERSITARIOS;10,000000
2022-23;4310979;MÁSTER UNIVERSITARIO EN INTELIGENCIA ARTIFICIAL, RECONOCIMIENTO DE FORMAS E IMAGEN DIGITAL;UNIDAD DE MÁSTERES UNIVERSITARIOS;3,030000
2022-23;4310980;MÁSTER UNIVERSITARIO EN SISTEMAS PROPULSIVOS PARA UNA MOVILIDAD SOSTENIBLE;UNIDAD DE MÁSTERES UNIVERSITARIOS;0,000000
2022-23;4310981;MÁSTER UNIVERSITARIO EN TECNOLOGÍA ENERGÉTICA PARA DESARROLLO SOSTENIBLE;E.T.S.I. INDUSTRIALES;31,250000
2022-23;4310982;MÁSTER UNIVERSITARIO EN TECNOLOGÍAS, SISTEMAS Y REDES DE COMUNICACIONES;E.T.S.I. DE TELECOMUNICACIÓN;14,290000
2022-23;4311602;MÁSTER UNIVERSITARIO EN BIOTECNOLOGÍA BIOMÉDICA;UNIDAD DE MÁSTERES UNIVERSITARIOS;0,000000
2022-23;4311603;MÁSTER UNIVERSITARIO EN BIOTECNOLOGÍA MOLECULAR Y CELULAR DE PLANTAS;UNIDAD DE MÁSTERES UNIVERSITARIOS;0,000000
2022-23;4311604;MÁSTER UNIVERSITARIO EN ECONOMÍA AGROALIMENTARIA Y DEL MEDIO AMBIENTE;UNIDAD DE MÁSTERES UNIVERSITARIOS;0,000000
2022-23;4311605;MÁSTER UNIVERSITARIO EN GESTIÓN DE LA SEGURIDAD Y CALIDAD ALIMENTARIA;E.T.S.I. AGRONÓMICA Y DEL MEDIO NATURAL;4,000000
2022-23;4311606;MÁSTER UNIVERSITARIO EN INGENIERÍA DE ANÁLISIS DE DATOS, MEJORA DE PROCESOS Y TOMA DE DECISIONES;UNIDAD DE MÁSTERES UNIVERSITARIOS;5,260000
2022-23;4311609;MÁSTER UNIVERSITARIO EN LENGUAS Y TECNOLOGÍA;UNIDAD DE MÁSTERES UNIVERSITARIOS;0,000000
2022-23;4311612;MÁSTER UNIVERSITARIO EN POSTPRODUCCIÓN DIGITAL;ESCUELA POLITECNICA SUPERIOR DE GANDIA;10,710000
2022-23;4311613;MÁSTER UNIVERSITARIO EN PREVENCIÓN DE RIESGOS LABORALES;UNIDAD DE MÁSTERES UNIVERSITARIOS;0,000000
2022-23;4311614;MÁSTER UNIVERSITARIO EN PRODUCCIÓN ARTÍSTICA;FACULTAD DE BELLAS ARTES;4,940000
2022-23;4311725;MÁSTER UNIVERSITARIO EN COOPERACIÓN AL DESARROLLO;UNIDAD DE MÁSTERES UNIVERSITARIOS;50,000000
2022-23;4311726;MÁSTER UNIVERSITARIO EN INGENIERÍA AMBIENTAL;E.T.S.I. CAMINOS, CANALES Y PUERTOS;0,000000
2022-23;4312033;MÁSTER UNIVERSITARIO EN ACUICULTURA;UNIDAD DE MÁSTERES UNIVERSITARIOS;0,000000
2022-23;4312991;MÁSTER UNIVERSITARIO EN EVALUACIÓN Y SEGUIMIENTO AMBIENTAL DE ECOSISTEMAS MARINOS Y COSTEROS;ESCUELA POLITECNICA SUPERIOR DE GANDIA;0,000000
2022-23;4313930;MÁSTER UNIVERSITARIO EN INVESTIGACIÓN MATEMÁTICA;UNIDAD DE MÁSTERES UNIVERSITARIOS;0,000000
2022-23;4314065;MÁSTER UNIVERSITARIO EN INGENIERÍA, PROCESADO Y CARACTERIZACIÓN DE MATERIALES;E. POLITÉCNICA SUPERIOR DE ALCOY;7,690000
2022-23;4314067;MÁSTER UNIVERSITARIO EN INGENIERÍA MECATRÓNICA;E.T.S. DE INGENIERIA DEL DISEÑO;16,130000
2022-23;4314071;MÁSTER UNIVERSITARIO EN INGENIERÍA DE ORGANIZACIÓN Y LOGÍSTICA;E. POLITÉCNICA SUPERIOR DE ALCOY;0,000000
2022-23;4314473;MÁSTER UNIVERSITARIO EN INGENIERÍA DE MONTES;E.T.S.I. AGRONÓMICA Y DEL MEDIO NATURAL;14,290000
2022-23;4314518;MÁSTER UNIVERSITARIO EN INGENIERÍA DE TELECOMUNICACIÓN;E.T.S.I. DE TELECOMUNICACIÓN;9,380000
2022-23;4314521;MÁSTER UNIVERSITARIO EN INGENIERÍA AERONÁUTICA;E.T.S. DE INGENIERIA DEL DISEÑO;32,560000
2022-23;4314523;MÁSTER UNIVERSITARIO EN INGENIERÍA QUÍMICA;E.T.S.I. INDUSTRIALES;29,270000
2022-23;4314524;MÁSTER UNIVERSITARIO EN INGENIERÍA INDUSTRIAL;E.T.S.I. INDUSTRIALES;28,130000
2022-23;4314526;MÁSTER UNIVERSITARIO EN INGENIERÍA INFORMÁTICA;E.T.S. DE INGENIERÍA INFORMÁTICA;25,000000
2022-23;4314528;MÁSTER UNIVERSITARIO EN ENOLOGÍA;E.T.S.I. AGRONÓMICA Y DEL MEDIO NATURAL;12,500000
2022-23;4314529;MÁSTER UNIVERSITARIO EN INGENIERÍA AGRONÓMICA;E.T.S.I. AGRONÓMICA Y DEL MEDIO NATURAL;14,290000
2022-23;4314646;MÁSTER UNIVERSITARIO EN INGENIERÍA GEOMÁTICA Y GEOINFORMACIÓN;E.T.S.I. GEODESICA, CARTOGRAFICA Y TOP.;33,330000
2022-23;4314647;MÁSTER UNIVERSITARIO EN INGENIERÍA DE CAMINOS, CANALES Y PUERTOS;E.T.S.I. CAMINOS, CANALES Y PUERTOS;45,610000
2022-23;4314825;MÁSTER UNIVERSITARIO EN DIRECCIÓN DE EMPRESAS (MBA);E. POLITÉCNICA SUPERIOR DE ALCOY;35,710000
2022-23;4315002;MÁSTER UNIVERSITARIO EN INGENIERÍA TEXTIL;E. POLITÉCNICA SUPERIOR DE ALCOY;0,000000
2022-23;4315070;MÁSTER UNIVERSITARIO EN ARQUITECTURA;E.T.S. DE ARQUITECTURA;7,650000
2022-23;4315739;MÁSTER UNIVERSITARIO EN ARQUITECTURA DEL PAISAJE;E.T.S. DE ARQUITECTURA;0,000000
2022-23;4315921;MÁSTER UNIVERSITARIO EN INGENIERÍA BIOMÉDICA;E.T.S.I. INDUSTRIALES;12,500000
2022-23;4315941;MÁSTER UNIVERSITARIO ERASMUS MUNDUS EN SANIDAD VEGETAL EN AGRICULTURA SOSTENIBLE/ EUROPEAN MASTER DEGREE IN PLANT HEALTH IN SUSTAINABLE CROPPING SYSTEMS;UNIDAD DE MÁSTERES UNIVERSITARIOS;0,000000
2022-23;4316135;MÁSTER UNIVERSITARIO EN GESTIÓN ADMINISTRATIVA;FACULTAD DE ADMINISTRACIÓN Y DIRECCIÓN DE EMPRESAS;0,000000
2022-23;4316557;MÁSTER UNIVERSITARIO EN ESTUDIOS DE LA CIENCIA, LA TECNOLOGÍA Y LA INNOVACIÓN;UNIDAD DE MÁSTERES UNIVERSITARIOS;0,000000
2022-23;4316840;MÁSTER UNIVERSITARIO EN MEJORA GENÉTICA VEGETAL;UNIDAD DE MÁSTERES UNIVERSITARIOS;40,000000
2022-23;4317401;MÁSTER UNIVERSITARIO EN SOCIAL MEDIA Y COMUNICACIÓN CORPORATIVA;FACULTAD DE ADMINISTRACIÓN Y DIRECCIÓN DE EMPRESAS;3,700000
2022-23;4317434;MÁSTER UNIVERSITARIO EN SISTEMAS INTELIGENTES DE TRANSPORTE;E.T.S.I. CAMINOS, CANALES Y PUERTOS;0,000000
2022-23;4317446;MÁSTER UNIVERSITARIO EN COMUNICACIÓN TRANSMEDIA;ESCUELA POLITECNICA SUPERIOR DE GANDIA;0,000000
2022-23;4317448;MÁSTER UNIVERSITARIO EN CIBERSEGURIDAD Y CIBERINTELIGENCIA;E.T.S. DE INGENIERÍA INFORMÁTICA;0,000000
2022-23;4317480;MÁSTER UNIVERSITARIO EN QUÍMICA SOSTENIBLE;UNIDAD DE MÁSTERES UNIVERSITARIOS;0,000000
2022-23;4317640;MÁSTER UNIVERSITARIO EN INGENIERÍA BIOAMBIENTAL Y DEL PAISAJE;E.T.S.I. AGRONÓMICA Y DEL MEDIO NATURAL;0,000000
2022-23;4317898;MÁSTER UNIVERSITARIO ERASMUS MUNDUS EN MEJORA GENÉTICA VEGETAL / ERASMUS MUNDUS MASTER IN PLANT BREEDING - EMPLANT +;UNIDAD DE MÁSTERES UNIVERSITARIOS;0,000000
2022-23;4317936;MÁSTER UNIVERSITARIO EN GANADERÍA DE PRECISIÓN;E.T.S.I. AGRONÓMICA Y DEL MEDIO NATURAL;0,000000
2022-23;4318105;MÁSTER UNIVERSITARIO EN SEGURIDAD NUCLEAR Y PROTECCIÓN RADIOLÓGICA;E.T.S.I. INDUSTRIALES;25,000000
