CURSO;COD_RUCT;TITULACION;CENTRO;NUMERO_ALUMNOS_MATRICULADOS
2020-21;2500739;GRADO EN ARQUITECTURA TÉCNICA;E.T.S. DE INGENIERÍA DE EDIFICACIÓN;450
2020-21;2500801;GRADO EN CIENCIAS AMBIENTALES;ESCUELA POLITECNICA SUPERIOR DE GANDIA;224
2020-21;2501354;GRADO EN COMUNICACIÓN AUDIOVISUAL;ESCUELA POLITECNICA SUPERIOR DE GANDIA;376
2020-21;2501355;GRADO EN TURISMO;ESCUELA POLITECNICA SUPERIOR DE GANDIA;378
2020-21;2501356;GRADO EN INGENIERÍA EN DISEÑO INDUSTRIAL Y DESARROLLO DE PRODUCTOS;E. POLITÉCNICA SUPERIOR DE ALCOY;356
2020-21;2501356;GRADO EN INGENIERÍA EN DISEÑO INDUSTRIAL Y DESARROLLO DE PRODUCTOS;E.T.S. DE INGENIERIA DEL DISEÑO;664
2020-21;2501484;GRADO EN BELLAS ARTES;FACULTAD DE BELLAS ARTES;1572
2020-21;2501485;GRADO EN CONSERVACIÓN Y RESTAURACIÓN DE BIENES CULTURALES;FACULTAD DE BELLAS ARTES;401
2020-21;2501486;GRADO EN GESTIÓN Y ADMINISTRACIÓN PÚBLICA;FACULTAD DE ADMINISTRACIÓN Y DIRECCIÓN DE EMPRESAS;340
2020-21;2501649;GRADO EN BIOTECNOLOGÍA;E.T.S.I. AGRONÓMICA Y DEL MEDIO NATURAL;473
2020-21;2501650;GRADO EN CIENCIA Y TECNOLOGÍA DE LOS ALIMENTOS;E.T.S.I. AGRONÓMICA Y DEL MEDIO NATURAL;378
2020-21;2501651;GRADO EN ADMINISTRACIÓN Y DIRECCIÓN DE EMPRESAS;E. POLITÉCNICA SUPERIOR DE ALCOY;444
2020-21;2501651;GRADO EN ADMINISTRACIÓN Y DIRECCIÓN DE EMPRESAS;FACULTAD DE ADMINISTRACIÓN Y DIRECCIÓN DE EMPRESAS;1184
2020-21;2501653;GRADO EN INGENIERÍA AEROESPACIAL;E.T.S. DE INGENIERIA DEL DISEÑO;515
2020-21;2501654;GRADO EN INGENIERÍA AGROALIMENTARIA Y DEL MEDIO RURAL;E.T.S.I. AGRONÓMICA Y DEL MEDIO NATURAL;471
2020-21;2501655;GRADO EN INGENIERÍA ELÉCTRICA;E. POLITÉCNICA SUPERIOR DE ALCOY;172
2020-21;2501655;GRADO EN INGENIERÍA ELÉCTRICA;E.T.S. DE INGENIERIA DEL DISEÑO;368
2020-21;2501656;GRADO EN INGENIERÍA ELECTRÓNICA INDUSTRIAL Y AUTOMÁTICA;E.T.S. DE INGENIERIA DEL DISEÑO;713
2020-21;2501657;GRADO EN INGENIERÍA GEOMÁTICA Y TOPOGRAFÍA;E.T.S.I. GEODESICA, CARTOGRAFICA Y TOP.;255
2020-21;2501658;GRADO EN INGENIERÍA DE ORGANIZACIÓN INDUSTRIAL;E.T.S.I. INDUSTRIALES;362
2020-21;2501659;GRADO EN INGENIERÍA EN TECNOLOGÍAS INDUSTRIALES;E.T.S.I. INDUSTRIALES;1211
2020-21;2501660;GRADO EN INGENIERÍA FORESTAL Y DEL MEDIO NATURAL;E.T.S.I. AGRONÓMICA Y DEL MEDIO NATURAL;228
2020-21;2501661;GRADO EN INGENIERÍA INFORMÁTICA;E. POLITÉCNICA SUPERIOR DE ALCOY;310
2020-21;2501661;GRADO EN INGENIERÍA INFORMÁTICA;E.T.S. DE INGENIERÍA INFORMÁTICA;2094
2020-21;2501662;GRADO EN INGENIERÍA QUÍMICA;E. POLITÉCNICA SUPERIOR DE ALCOY;180
2020-21;2501662;GRADO EN INGENIERÍA QUÍMICA;E.T.S.I. INDUSTRIALES;338
2020-21;2501663;GRADO EN INGENIERÍA DE SISTEMAS DE TELECOMUNICACIÓN, SONIDO E IMAGEN;ESCUELA POLITECNICA SUPERIOR DE GANDIA;200
2020-21;2502182;GRADO EN INGENIERÍA MECÁNICA;E. POLITÉCNICA SUPERIOR DE ALCOY;531
2020-21;2502182;GRADO EN INGENIERÍA MECÁNICA;E.T.S. DE INGENIERIA DEL DISEÑO;738
2020-21;2502405;GRADO EN INGENIERÍA DE OBRAS PÚBLICAS;E.T.S.I. CAMINOS, CANALES Y PUERTOS;194
2020-21;2502407;GRADO EN INGENIERÍA DE TECNOLOGÍAS Y SERVICIOS DE TELECOMUNICACIÓN;E.T.S.I. DE TELECOMUNICACIÓN;973
2020-21;2502507;GRADO EN INGENIERÍA CIVIL;E.T.S.I. CAMINOS, CANALES Y PUERTOS;345
2020-21;2502660;GRADO EN INGENIERÍA DE LA ENERGÍA;E.T.S.I. INDUSTRIALES;317
2020-21;2502731;GRADO EN INGENIERÍA BIOMÉDICA;E.T.S.I. INDUSTRIALES;309
2020-21;2503025;GRADO EN FUNDAMENTOS DE LA ARQUITECTURA;E.T.S. DE ARQUITECTURA;1652
2020-21;2503349;GRADO EN DISEÑO Y TECNOLOGÍAS CREATIVAS;FACULTAD DE BELLAS ARTES;436
2020-21;2503504;GRADO EN TECNOLOGÍAS INTERACTIVAS;ESCUELA POLITECNICA SUPERIOR DE GANDIA;134
2020-21;2503653;GRADO EN CIENCIA DE DATOS;E.T.S. DE INGENIERÍA INFORMÁTICA;210
2020-21;2503930;GRADO EN TECNOLOGÍA DIGITAL Y MULTIMEDIA;E.T.S.I. DE TELECOMUNICACIÓN;143
2020-21;4310279;MÁSTER UNIVERSITARIO EN COMPUTACIÓN EN LA NUBE Y DE ALTAS PRESTACIONES / CLOUD AND HIGH-PERFORMANCE COMPUTING;UNIDAD DE MÁSTERES UNIVERSITARIOS;18
2020-21;4310280;MÁSTER UNIVERSITARIO EN EDIFICACIÓN;E.T.S. DE INGENIERÍA DE EDIFICACIÓN;57
2020-21;4310282;MÁSTER UNIVERSITARIO EN INGENIERÍA ACÚSTICA;ESCUELA POLITECNICA SUPERIOR DE GANDIA;25
2020-21;4310284;MÁSTER UNIVERSITARIO EN INGENIERÍA DE COMPUTADORES Y REDES;UNIDAD DE MÁSTERES UNIVERSITARIOS;20
2020-21;4310288;MÁSTER UNIVERSITARIO EN TRANSPORTE, TERRITORIO Y URBANISMO;E.T.S.I. CAMINOS, CANALES Y PUERTOS;58
2020-21;4310468;MÁSTER UNIVERSITARIO EN SANIDAD Y PRODUCCIÓN VEGETAL;UNIDAD DE MÁSTERES UNIVERSITARIOS;24
2020-21;4310569;MÁSTER UNIVERSITARIO EN INGENIERÍA AVANZADA DE PRODUCCIÓN, LOGÍSTICA Y CADENA DE SUMINISTRO;E.T.S.I. INDUSTRIALES;53
2020-21;4310809;MÁSTER UNIVERSITARIO EN ARTES VISUALES Y MULTIMEDIA;UNIDAD DE MÁSTERES UNIVERSITARIOS;45
2020-21;4310811;MÁSTER UNIVERSITARIO EN SEGURIDAD INDUSTRIAL Y MEDIO AMBIENTE;UNIDAD DE MÁSTERES UNIVERSITARIOS;11
2020-21;4310813;MÁSTER UNIVERSITARIO EN GESTIÓN DE EMPRESAS, PRODUCTOS Y SERVICIOS;FACULTAD DE ADMINISTRACIÓN Y DIRECCIÓN DE EMPRESAS;43
2020-21;4310814;MÁSTER UNIVERSITARIO EN DIRECCIÓN FINANCIERA Y FISCAL;FACULTAD DE ADMINISTRACIÓN Y DIRECCIÓN DE EMPRESAS;44
2020-21;4310898;MÁSTER UNIVERSITARIO EN DIRECCIÓN Y GESTIÓN DE PROYECTOS;E.T.S.I. INDUSTRIALES;47
2020-21;4310960;MÁSTER UNIVERSITARIO EN GESTIÓN CULTURAL;UNIDAD DE MÁSTERES UNIVERSITARIOS;41
2020-21;4310963;MÁSTER UNIVERSITARIO EN ARQUITECTURA AVANZADA, PAISAJE, URBANISMO Y DISEÑO;E.T.S. DE ARQUITECTURA;91
2020-21;4310964;MÁSTER UNIVERSITARIO EN AUTOMÁTICA E INFORMÁTICA INDUSTRIAL;UNIDAD DE MÁSTERES UNIVERSITARIOS;34
2020-21;4310965;MÁSTER UNIVERSITARIO EN CIENCIA E INGENIERÍA DE LOS ALIMENTOS;E.T.S.I. AGRONÓMICA Y DEL MEDIO NATURAL;37
2020-21;4310966;MÁSTER UNIVERSITARIO EN CONSERVACIÓN DEL PATRIMONIO ARQUITECTÓNICO;E.T.S. DE ARQUITECTURA;73
2020-21;4310967;MÁSTER UNIVERSITARIO EN CONSERVACIÓN Y RESTAURACIÓN DE BIENES CULTURALES;UNIDAD DE MÁSTERES UNIVERSITARIOS;72
2020-21;4310968;MÁSTER UNIVERSITARIO EN CONSTRUCCIONES E INSTALACIONES INDUSTRIALES;E.T.S.I. INDUSTRIALES;34
2020-21;4310969;MÁSTER UNIVERSITARIO EN DISEÑO Y FABRICACIÓN INTEGRADA ASISTIDOS POR COMPUTADOR;E.T.S. DE INGENIERIA DEL DISEÑO;37
2020-21;4310971;MÁSTER UNIVERSITARIO EN INGENIERÍA DE SISTEMAS ELECTRÓNICOS;E.T.S.I. DE TELECOMUNICACIÓN;66
2020-21;4310972;MÁSTER UNIVERSITARIO EN INGENIERÍA Y TECNOLOGÍA DE SISTEMAS SOFTWARE;UNIDAD DE MÁSTERES UNIVERSITARIOS;34
2020-21;4310973;MÁSTER UNIVERSITARIO EN INGENIERÍA DEL DISEÑO;E.T.S. DE INGENIERIA DEL DISEÑO;84
2020-21;4310974;MÁSTER UNIVERSITARIO EN INGENIERÍA DEL HORMIGÓN;UNIDAD DE MÁSTERES UNIVERSITARIOS;50
2020-21;4310975;MÁSTER UNIVERSITARIO EN INGENIERÍA DEL MANTENIMIENTO;E.T.S. DE INGENIERIA DEL DISEÑO;58
2020-21;4310976;MÁSTER UNIVERSITARIO EN PLANIFICACIÓN Y GESTIÓN EN INGENIERÍA CIVIL;E.T.S.I. CAMINOS, CANALES Y PUERTOS;67
2020-21;4310977;MÁSTER UNIVERSITARIO EN INGENIERÍA HIDRÁULICA Y MEDIO AMBIENTE;UNIDAD DE MÁSTERES UNIVERSITARIOS;97
2020-21;4310978;MÁSTER UNIVERSITARIO EN INGENIERÍA MECÁNICA;UNIDAD DE MÁSTERES UNIVERSITARIOS;46
2020-21;4310979;MÁSTER UNIVERSITARIO EN INTELIGENCIA ARTIFICIAL, RECONOCIMIENTO DE FORMAS E IMAGEN DIGITAL;UNIDAD DE MÁSTERES UNIVERSITARIOS;44
2020-21;4310980;MÁSTER UNIVERSITARIO EN SISTEMAS PROPULSIVOS PARA UNA MOVILIDAD SOSTENIBLE;UNIDAD DE MÁSTERES UNIVERSITARIOS;34
2020-21;4310981;MÁSTER UNIVERSITARIO EN TECNOLOGÍA ENERGÉTICA PARA DESARROLLO SOSTENIBLE;E.T.S.I. INDUSTRIALES;64
2020-21;4310982;MÁSTER UNIVERSITARIO EN TECNOLOGÍAS, SISTEMAS Y REDES DE COMUNICACIONES;E.T.S.I. DE TELECOMUNICACIÓN;44
2020-21;4311602;MÁSTER UNIVERSITARIO EN BIOTECNOLOGÍA BIOMÉDICA;UNIDAD DE MÁSTERES UNIVERSITARIOS;40
2020-21;4311603;MÁSTER UNIVERSITARIO EN BIOTECNOLOGÍA MOLECULAR Y CELULAR DE PLANTAS;UNIDAD DE MÁSTERES UNIVERSITARIOS;39
2020-21;4311604;MÁSTER UNIVERSITARIO EN ECONOMÍA AGROALIMENTARIA Y DEL MEDIO AMBIENTE;UNIDAD DE MÁSTERES UNIVERSITARIOS;22
2020-21;4311605;MÁSTER UNIVERSITARIO EN GESTIÓN DE LA SEGURIDAD Y CALIDAD ALIMENTARIA;E.T.S.I. AGRONÓMICA Y DEL MEDIO NATURAL;58
2020-21;4311606;MÁSTER UNIVERSITARIO EN INGENIERÍA DE ANÁLISIS DE DATOS, MEJORA DE PROCESOS Y TOMA DE DECISIONES;UNIDAD DE MÁSTERES UNIVERSITARIOS;46
2020-21;4311609;MÁSTER UNIVERSITARIO EN LENGUAS Y TECNOLOGÍA;UNIDAD DE MÁSTERES UNIVERSITARIOS;33
2020-21;4311610;MÁSTER UNIVERSITARIO EN MEJORA GENÉTICA ANIMAL Y BIOTECNOLOGÍA DE LA REPRODUCCIÓN;UNIDAD DE MÁSTERES UNIVERSITARIOS;16
2020-21;4311612;MÁSTER UNIVERSITARIO EN POSTPRODUCCIÓN DIGITAL;ESCUELA POLITECNICA SUPERIOR DE GANDIA;30
2020-21;4311613;MÁSTER UNIVERSITARIO EN PREVENCIÓN DE RIESGOS LABORALES;UNIDAD DE MÁSTERES UNIVERSITARIOS;89
2020-21;4311614;MÁSTER UNIVERSITARIO EN PRODUCCIÓN ARTÍSTICA;FACULTAD DE BELLAS ARTES;152
2020-21;4311725;MÁSTER UNIVERSITARIO EN COOPERACIÓN AL DESARROLLO;UNIDAD DE MÁSTERES UNIVERSITARIOS;47
2020-21;4311726;MÁSTER UNIVERSITARIO EN INGENIERÍA AMBIENTAL;E.T.S.I. CAMINOS, CANALES Y PUERTOS;30
2020-21;4312033;MÁSTER UNIVERSITARIO EN ACUICULTURA;UNIDAD DE MÁSTERES UNIVERSITARIOS;18
2020-21;4312991;MÁSTER UNIVERSITARIO EN EVALUACIÓN Y SEGUIMIENTO AMBIENTAL DE ECOSISTEMAS MARINOS Y COSTEROS;ESCUELA POLITECNICA SUPERIOR DE GANDIA;8
2020-21;4313930;MÁSTER UNIVERSITARIO EN INVESTIGACIÓN MATEMÁTICA;UNIDAD DE MÁSTERES UNIVERSITARIOS;21
2020-21;4314065;MÁSTER UNIVERSITARIO EN INGENIERÍA, PROCESADO Y CARACTERIZACIÓN DE MATERIALES;E. POLITÉCNICA SUPERIOR DE ALCOY;30
2020-21;4314067;MÁSTER UNIVERSITARIO EN INGENIERÍA MECATRÓNICA;E.T.S. DE INGENIERIA DEL DISEÑO;83
2020-21;4314071;MÁSTER UNIVERSITARIO EN INGENIERÍA DE ORGANIZACIÓN Y LOGÍSTICA;E. POLITÉCNICA SUPERIOR DE ALCOY;47
2020-21;4314473;MÁSTER UNIVERSITARIO EN INGENIERÍA DE MONTES;E.T.S.I. AGRONÓMICA Y DEL MEDIO NATURAL;26
2020-21;4314518;MÁSTER UNIVERSITARIO EN INGENIERÍA DE TELECOMUNICACIÓN;E.T.S.I. DE TELECOMUNICACIÓN;105
2020-21;4314521;MÁSTER UNIVERSITARIO EN INGENIERÍA AERONÁUTICA;E.T.S. DE INGENIERIA DEL DISEÑO;217
2020-21;4314523;MÁSTER UNIVERSITARIO EN INGENIERÍA QUÍMICA;E.T.S.I. INDUSTRIALES;132
2020-21;4314524;MÁSTER UNIVERSITARIO EN INGENIERÍA INDUSTRIAL;E.T.S.I. INDUSTRIALES;871
2020-21;4314526;MÁSTER UNIVERSITARIO EN INGENIERÍA INFORMÁTICA;E.T.S. DE INGENIERÍA INFORMÁTICA;67
2020-21;4314528;MÁSTER UNIVERSITARIO EN ENOLOGÍA;E.T.S.I. AGRONÓMICA Y DEL MEDIO NATURAL;46
2020-21;4314529;MÁSTER UNIVERSITARIO EN INGENIERÍA AGRONÓMICA;E.T.S.I. AGRONÓMICA Y DEL MEDIO NATURAL;200
2020-21;4314646;MÁSTER UNIVERSITARIO EN INGENIERÍA GEOMÁTICA Y GEOINFORMACIÓN;E.T.S.I. GEODESICA, CARTOGRAFICA Y TOP.;41
2020-21;4314647;MÁSTER UNIVERSITARIO EN INGENIERÍA DE CAMINOS, CANALES Y PUERTOS;E.T.S.I. CAMINOS, CANALES Y PUERTOS;229
2020-21;4314825;MÁSTER UNIVERSITARIO EN DIRECCIÓN DE EMPRESAS (MBA);E. POLITÉCNICA SUPERIOR DE ALCOY;49
2020-21;4315002;MÁSTER UNIVERSITARIO EN INGENIERÍA TEXTIL;E. POLITÉCNICA SUPERIOR DE ALCOY;24
2020-21;4315070;MÁSTER UNIVERSITARIO EN ARQUITECTURA;E.T.S. DE ARQUITECTURA;408
2020-21;4315739;MÁSTER UNIVERSITARIO EN ARQUITECTURA DEL PAISAJE;E.T.S. DE ARQUITECTURA;29
2020-21;4315921;MÁSTER UNIVERSITARIO EN INGENIERÍA BIOMÉDICA;E.T.S.I. INDUSTRIALES;57
2020-21;4315941;MÁSTER UNIVERSITARIO ERASMUS MUNDUS EN SANIDAD VEGETAL EN AGRICULTURA SOSTENIBLE/ EUROPEAN MASTER DEGREE IN PLANT HEALTH IN SUSTAINABLE CROPPING SYSTEMS;UNIDAD DE MÁSTERES UNIVERSITARIOS;47
2020-21;4316135;MÁSTER UNIVERSITARIO EN GESTIÓN ADMINISTRATIVA;FACULTAD DE ADMINISTRACIÓN Y DIRECCIÓN DE EMPRESAS;28
2020-21;4316557;MÁSTER UNIVERSITARIO EN ESTUDIOS DE LA CIENCIA, LA TECNOLOGÍA Y LA INNOVACIÓN;UNIDAD DE MÁSTERES UNIVERSITARIOS;25
2020-21;4316840;MÁSTER UNIVERSITARIO EN MEJORA GENÉTICA VEGETAL;UNIDAD DE MÁSTERES UNIVERSITARIOS;35
2020-21;4317401;MÁSTER UNIVERSITARIO EN SOCIAL MEDIA Y COMUNICACIÓN CORPORATIVA;FACULTAD DE ADMINISTRACIÓN Y DIRECCIÓN DE EMPRESAS;23
2020-21;4317434;MÁSTER UNIVERSITARIO EN SISTEMAS INTELIGENTES DE TRANSPORTE;E.T.S.I. CAMINOS, CANALES Y PUERTOS;8
2020-21;4317446;MÁSTER UNIVERSITARIO EN COMUNICACIÓN TRANSMEDIA;ESCUELA POLITECNICA SUPERIOR DE GANDIA;26
2020-21;4317448;MÁSTER UNIVERSITARIO EN CIBERSEGURIDAD Y CIBERINTELIGENCIA;E.T.S. DE INGENIERÍA INFORMÁTICA;28
2020-21;4317480;MÁSTER UNIVERSITARIO EN QUÍMICA SOSTENIBLE;UNIDAD DE MÁSTERES UNIVERSITARIOS;19
2021-22;2500739;GRADO EN ARQUITECTURA TÉCNICA;E.T.S. DE INGENIERÍA DE EDIFICACIÓN;495
2021-22;2500801;GRADO EN CIENCIAS AMBIENTALES;ESCUELA POLITECNICA SUPERIOR DE GANDIA;228
2021-22;2501354;GRADO EN COMUNICACIÓN AUDIOVISUAL;ESCUELA POLITECNICA SUPERIOR DE GANDIA;373
2021-22;2501355;GRADO EN TURISMO;ESCUELA POLITECNICA SUPERIOR DE GANDIA;331
2021-22;2501356;GRADO EN INGENIERÍA EN DISEÑO INDUSTRIAL Y DESARROLLO DE PRODUCTOS;E. POLITÉCNICA SUPERIOR DE ALCOY;363
2021-22;2501356;GRADO EN INGENIERÍA EN DISEÑO INDUSTRIAL Y DESARROLLO DE PRODUCTOS;E.T.S. DE INGENIERIA DEL DISEÑO;649
2021-22;2501484;GRADO EN BELLAS ARTES;FACULTAD DE BELLAS ARTES;1519
2021-22;2501485;GRADO EN CONSERVACIÓN Y RESTAURACIÓN DE BIENES CULTURALES;FACULTAD DE BELLAS ARTES;396
2021-22;2501486;GRADO EN GESTIÓN Y ADMINISTRACIÓN PÚBLICA;FACULTAD DE ADMINISTRACIÓN Y DIRECCIÓN DE EMPRESAS;306
2021-22;2501649;GRADO EN BIOTECNOLOGÍA;E.T.S.I. AGRONÓMICA Y DEL MEDIO NATURAL;481
2021-22;2501650;GRADO EN CIENCIA Y TECNOLOGÍA DE LOS ALIMENTOS;E.T.S.I. AGRONÓMICA Y DEL MEDIO NATURAL;381
2021-22;2501651;GRADO EN ADMINISTRACIÓN Y DIRECCIÓN DE EMPRESAS;E. POLITÉCNICA SUPERIOR DE ALCOY;433
2021-22;2501651;GRADO EN ADMINISTRACIÓN Y DIRECCIÓN DE EMPRESAS;FACULTAD DE ADMINISTRACIÓN Y DIRECCIÓN DE EMPRESAS;1208
2021-22;2501653;GRADO EN INGENIERÍA AEROESPACIAL;E.T.S. DE INGENIERIA DEL DISEÑO;500
2021-22;2501654;GRADO EN INGENIERÍA AGROALIMENTARIA Y DEL MEDIO RURAL;E.T.S.I. AGRONÓMICA Y DEL MEDIO NATURAL;469
2021-22;2501655;GRADO EN INGENIERÍA ELÉCTRICA;E. POLITÉCNICA SUPERIOR DE ALCOY;162
2021-22;2501655;GRADO EN INGENIERÍA ELÉCTRICA;E.T.S. DE INGENIERIA DEL DISEÑO;333
2021-22;2501656;GRADO EN INGENIERÍA ELECTRÓNICA INDUSTRIAL Y AUTOMÁTICA;E.T.S. DE INGENIERIA DEL DISEÑO;678
2021-22;2501657;GRADO EN INGENIERÍA GEOMÁTICA Y TOPOGRAFÍA;E.T.S.I. GEODESICA, CARTOGRAFICA Y TOP.;256
2021-22;2501658;GRADO EN INGENIERÍA DE ORGANIZACIÓN INDUSTRIAL;E.T.S.I. INDUSTRIALES;353
2021-22;2501659;GRADO EN INGENIERÍA EN TECNOLOGÍAS INDUSTRIALES;E.T.S.I. INDUSTRIALES;1150
2021-22;2501660;GRADO EN INGENIERÍA FORESTAL Y DEL MEDIO NATURAL;E.T.S.I. AGRONÓMICA Y DEL MEDIO NATURAL;241
2021-22;2501661;GRADO EN INGENIERÍA INFORMÁTICA;E. POLITÉCNICA SUPERIOR DE ALCOY;315
2021-22;2501661;GRADO EN INGENIERÍA INFORMÁTICA;E.T.S. DE INGENIERÍA INFORMÁTICA;1987
2021-22;2501662;GRADO EN INGENIERÍA QUÍMICA;E. POLITÉCNICA SUPERIOR DE ALCOY;203
2021-22;2501662;GRADO EN INGENIERÍA QUÍMICA;E.T.S.I. INDUSTRIALES;335
2021-22;2501663;GRADO EN INGENIERÍA DE SISTEMAS DE TELECOMUNICACIÓN, SONIDO E IMAGEN;ESCUELA POLITECNICA SUPERIOR DE GANDIA;202
2021-22;2502182;GRADO EN INGENIERÍA MECÁNICA;E. POLITÉCNICA SUPERIOR DE ALCOY;505
2021-22;2502182;GRADO EN INGENIERÍA MECÁNICA;E.T.S. DE INGENIERIA DEL DISEÑO;716
2021-22;2502405;GRADO EN INGENIERÍA DE OBRAS PÚBLICAS;E.T.S.I. CAMINOS, CANALES Y PUERTOS;171
2021-22;2502407;GRADO EN INGENIERÍA DE TECNOLOGÍAS Y SERVICIOS DE TELECOMUNICACIÓN;E.T.S.I. DE TELECOMUNICACIÓN;994
2021-22;2502507;GRADO EN INGENIERÍA CIVIL;E.T.S.I. CAMINOS, CANALES Y PUERTOS;329
2021-22;2502660;GRADO EN INGENIERÍA DE LA ENERGÍA;E.T.S.I. INDUSTRIALES;320
2021-22;2502731;GRADO EN INGENIERÍA BIOMÉDICA;E.T.S.I. INDUSTRIALES;307
2021-22;2503025;GRADO EN FUNDAMENTOS DE LA ARQUITECTURA;E.T.S. DE ARQUITECTURA;1697
2021-22;2503349;GRADO EN DISEÑO Y TECNOLOGÍAS CREATIVAS;FACULTAD DE BELLAS ARTES;463
2021-22;2503504;GRADO EN TECNOLOGÍAS INTERACTIVAS;ESCUELA POLITECNICA SUPERIOR DE GANDIA;159
2021-22;2503653;GRADO EN CIENCIA DE DATOS;E.T.S. DE INGENIERÍA INFORMÁTICA;273
2021-22;2503930;GRADO EN TECNOLOGÍA DIGITAL Y MULTIMEDIA;E.T.S.I. DE TELECOMUNICACIÓN;211
2021-22;2504265;GRADO EN DISEÑO ARQUITECTÓNICO DE INTERIORES;E.T.S. DE ARQUITECTURA;137
2021-22;2504322;GRADO EN INGENIERÍA FÍSICA;E.T.S.I. DE TELECOMUNICACIÓN;75
2021-22;2504353;GRADO EN MATEMÁTICAS;E.T.S.I. DE TELECOMUNICACIÓN;36
2021-22;4310279;MÁSTER UNIVERSITARIO EN COMPUTACIÓN EN LA NUBE Y DE ALTAS PRESTACIONES / CLOUD AND HIGH-PERFORMANCE COMPUTING;UNIDAD DE MÁSTERES UNIVERSITARIOS;32
2021-22;4310280;MÁSTER UNIVERSITARIO EN EDIFICACIÓN;E.T.S. DE INGENIERÍA DE EDIFICACIÓN;51
2021-22;4310282;MÁSTER UNIVERSITARIO EN INGENIERÍA ACÚSTICA;ESCUELA POLITECNICA SUPERIOR DE GANDIA;19
2021-22;4310284;MÁSTER UNIVERSITARIO EN INGENIERÍA DE COMPUTADORES Y REDES;UNIDAD DE MÁSTERES UNIVERSITARIOS;16
2021-22;4310288;MÁSTER UNIVERSITARIO EN TRANSPORTE, TERRITORIO Y URBANISMO;E.T.S.I. CAMINOS, CANALES Y PUERTOS;51
2021-22;4310468;MÁSTER UNIVERSITARIO EN SANIDAD Y PRODUCCIÓN VEGETAL;UNIDAD DE MÁSTERES UNIVERSITARIOS;23
2021-22;4310569;MÁSTER UNIVERSITARIO EN INGENIERÍA AVANZADA DE PRODUCCIÓN, LOGÍSTICA Y CADENA DE SUMINISTRO;E.T.S.I. INDUSTRIALES;46
2021-22;4310809;MÁSTER UNIVERSITARIO EN ARTES VISUALES Y MULTIMEDIA;UNIDAD DE MÁSTERES UNIVERSITARIOS;45
2021-22;4310811;MÁSTER UNIVERSITARIO EN SEGURIDAD INDUSTRIAL Y MEDIO AMBIENTE;UNIDAD DE MÁSTERES UNIVERSITARIOS;9
2021-22;4310813;MÁSTER UNIVERSITARIO EN GESTIÓN DE EMPRESAS, PRODUCTOS Y SERVICIOS;FACULTAD DE ADMINISTRACIÓN Y DIRECCIÓN DE EMPRESAS;39
2021-22;4310814;MÁSTER UNIVERSITARIO EN DIRECCIÓN FINANCIERA Y FISCAL;FACULTAD DE ADMINISTRACIÓN Y DIRECCIÓN DE EMPRESAS;48
2021-22;4310898;MÁSTER UNIVERSITARIO EN DIRECCIÓN Y GESTIÓN DE PROYECTOS;E.T.S.I. INDUSTRIALES;43
2021-22;4310960;MÁSTER UNIVERSITARIO EN GESTIÓN CULTURAL;UNIDAD DE MÁSTERES UNIVERSITARIOS;46
2021-22;4310963;MÁSTER UNIVERSITARIO EN ARQUITECTURA AVANZADA, PAISAJE, URBANISMO Y DISEÑO;E.T.S. DE ARQUITECTURA;95
2021-22;4310964;MÁSTER UNIVERSITARIO EN AUTOMÁTICA E INFORMÁTICA INDUSTRIAL;UNIDAD DE MÁSTERES UNIVERSITARIOS;43
2021-22;4310965;MÁSTER UNIVERSITARIO EN CIENCIA E INGENIERÍA DE LOS ALIMENTOS;E.T.S.I. AGRONÓMICA Y DEL MEDIO NATURAL;42
2021-22;4310966;MÁSTER UNIVERSITARIO EN CONSERVACIÓN DEL PATRIMONIO ARQUITECTÓNICO;E.T.S. DE ARQUITECTURA;69
2021-22;4310967;MÁSTER UNIVERSITARIO EN CONSERVACIÓN Y RESTAURACIÓN DE BIENES CULTURALES;UNIDAD DE MÁSTERES UNIVERSITARIOS;72
2021-22;4310968;MÁSTER UNIVERSITARIO EN CONSTRUCCIONES E INSTALACIONES INDUSTRIALES;E.T.S.I. INDUSTRIALES;34
2021-22;4310969;MÁSTER UNIVERSITARIO EN DISEÑO Y FABRICACIÓN INTEGRADA ASISTIDOS POR COMPUTADOR;E.T.S. DE INGENIERIA DEL DISEÑO;46
2021-22;4310971;MÁSTER UNIVERSITARIO EN INGENIERÍA DE SISTEMAS ELECTRÓNICOS;E.T.S.I. DE TELECOMUNICACIÓN;79
2021-22;4310972;MÁSTER UNIVERSITARIO EN INGENIERÍA Y TECNOLOGÍA DE SISTEMAS SOFTWARE;UNIDAD DE MÁSTERES UNIVERSITARIOS;41
2021-22;4310973;MÁSTER UNIVERSITARIO EN INGENIERÍA DEL DISEÑO;E.T.S. DE INGENIERIA DEL DISEÑO;106
2021-22;4310974;MÁSTER UNIVERSITARIO EN INGENIERÍA DEL HORMIGÓN;UNIDAD DE MÁSTERES UNIVERSITARIOS;53
2021-22;4310975;MÁSTER UNIVERSITARIO EN INGENIERÍA DEL MANTENIMIENTO;E.T.S. DE INGENIERIA DEL DISEÑO;57
2021-22;4310976;MÁSTER UNIVERSITARIO EN PLANIFICACIÓN Y GESTIÓN EN INGENIERÍA CIVIL;E.T.S.I. CAMINOS, CANALES Y PUERTOS;52
2021-22;4310977;MÁSTER UNIVERSITARIO EN INGENIERÍA HIDRÁULICA Y MEDIO AMBIENTE;UNIDAD DE MÁSTERES UNIVERSITARIOS;89
2021-22;4310978;MÁSTER UNIVERSITARIO EN INGENIERÍA MECÁNICA;UNIDAD DE MÁSTERES UNIVERSITARIOS;41
2021-22;4310979;MÁSTER UNIVERSITARIO EN INTELIGENCIA ARTIFICIAL, RECONOCIMIENTO DE FORMAS E IMAGEN DIGITAL;UNIDAD DE MÁSTERES UNIVERSITARIOS;48
2021-22;4310980;MÁSTER UNIVERSITARIO EN SISTEMAS PROPULSIVOS PARA UNA MOVILIDAD SOSTENIBLE;UNIDAD DE MÁSTERES UNIVERSITARIOS;24
2021-22;4310981;MÁSTER UNIVERSITARIO EN TECNOLOGÍA ENERGÉTICA PARA DESARROLLO SOSTENIBLE;E.T.S.I. INDUSTRIALES;51
2021-22;4310982;MÁSTER UNIVERSITARIO EN TECNOLOGÍAS, SISTEMAS Y REDES DE COMUNICACIONES;E.T.S.I. DE TELECOMUNICACIÓN;41
2021-22;4311602;MÁSTER UNIVERSITARIO EN BIOTECNOLOGÍA BIOMÉDICA;UNIDAD DE MÁSTERES UNIVERSITARIOS;43
2021-22;4311603;MÁSTER UNIVERSITARIO EN BIOTECNOLOGÍA MOLECULAR Y CELULAR DE PLANTAS;UNIDAD DE MÁSTERES UNIVERSITARIOS;42
2021-22;4311604;MÁSTER UNIVERSITARIO EN ECONOMÍA AGROALIMENTARIA Y DEL MEDIO AMBIENTE;UNIDAD DE MÁSTERES UNIVERSITARIOS;27
2021-22;4311605;MÁSTER UNIVERSITARIO EN GESTIÓN DE LA SEGURIDAD Y CALIDAD ALIMENTARIA;E.T.S.I. AGRONÓMICA Y DEL MEDIO NATURAL;61
2021-22;4311606;MÁSTER UNIVERSITARIO EN INGENIERÍA DE ANÁLISIS DE DATOS, MEJORA DE PROCESOS Y TOMA DE DECISIONES;UNIDAD DE MÁSTERES UNIVERSITARIOS;40
2021-22;4311609;MÁSTER UNIVERSITARIO EN LENGUAS Y TECNOLOGÍA;UNIDAD DE MÁSTERES UNIVERSITARIOS;32
2021-22;4311610;MÁSTER UNIVERSITARIO EN MEJORA GENÉTICA ANIMAL Y BIOTECNOLOGÍA DE LA REPRODUCCIÓN;UNIDAD DE MÁSTERES UNIVERSITARIOS;14
2021-22;4311612;MÁSTER UNIVERSITARIO EN POSTPRODUCCIÓN DIGITAL;ESCUELA POLITECNICA SUPERIOR DE GANDIA;33
2021-22;4311613;MÁSTER UNIVERSITARIO EN PREVENCIÓN DE RIESGOS LABORALES;UNIDAD DE MÁSTERES UNIVERSITARIOS;100
2021-22;4311614;MÁSTER UNIVERSITARIO EN PRODUCCIÓN ARTÍSTICA;FACULTAD DE BELLAS ARTES;171
2021-22;4311725;MÁSTER UNIVERSITARIO EN COOPERACIÓN AL DESARROLLO;UNIDAD DE MÁSTERES UNIVERSITARIOS;50
2021-22;4311726;MÁSTER UNIVERSITARIO EN INGENIERÍA AMBIENTAL;E.T.S.I. CAMINOS, CANALES Y PUERTOS;36
2021-22;4312033;MÁSTER UNIVERSITARIO EN ACUICULTURA;UNIDAD DE MÁSTERES UNIVERSITARIOS;15
2021-22;4312991;MÁSTER UNIVERSITARIO EN EVALUACIÓN Y SEGUIMIENTO AMBIENTAL DE ECOSISTEMAS MARINOS Y COSTEROS;ESCUELA POLITECNICA SUPERIOR DE GANDIA;19
2021-22;4313930;MÁSTER UNIVERSITARIO EN INVESTIGACIÓN MATEMÁTICA;UNIDAD DE MÁSTERES UNIVERSITARIOS;25
2021-22;4314065;MÁSTER UNIVERSITARIO EN INGENIERÍA, PROCESADO Y CARACTERIZACIÓN DE MATERIALES;E. POLITÉCNICA SUPERIOR DE ALCOY;30
2021-22;4314067;MÁSTER UNIVERSITARIO EN INGENIERÍA MECATRÓNICA;E.T.S. DE INGENIERIA DEL DISEÑO;87
2021-22;4314071;MÁSTER UNIVERSITARIO EN INGENIERÍA DE ORGANIZACIÓN Y LOGÍSTICA;E. POLITÉCNICA SUPERIOR DE ALCOY;51
2021-22;4314473;MÁSTER UNIVERSITARIO EN INGENIERÍA DE MONTES;E.T.S.I. AGRONÓMICA Y DEL MEDIO NATURAL;24
2021-22;4314518;MÁSTER UNIVERSITARIO EN INGENIERÍA DE TELECOMUNICACIÓN;E.T.S.I. DE TELECOMUNICACIÓN;117
2021-22;4314521;MÁSTER UNIVERSITARIO EN INGENIERÍA AERONÁUTICA;E.T.S. DE INGENIERIA DEL DISEÑO;229
2021-22;4314523;MÁSTER UNIVERSITARIO EN INGENIERÍA QUÍMICA;E.T.S.I. INDUSTRIALES;131
2021-22;4314524;MÁSTER UNIVERSITARIO EN INGENIERÍA INDUSTRIAL;E.T.S.I. INDUSTRIALES;835
2021-22;4314526;MÁSTER UNIVERSITARIO EN INGENIERÍA INFORMÁTICA;E.T.S. DE INGENIERÍA INFORMÁTICA;71
2021-22;4314528;MÁSTER UNIVERSITARIO EN ENOLOGÍA;E.T.S.I. AGRONÓMICA Y DEL MEDIO NATURAL;37
2021-22;4314529;MÁSTER UNIVERSITARIO EN INGENIERÍA AGRONÓMICA;E.T.S.I. AGRONÓMICA Y DEL MEDIO NATURAL;199
2021-22;4314646;MÁSTER UNIVERSITARIO EN INGENIERÍA GEOMÁTICA Y GEOINFORMACIÓN;E.T.S.I. GEODESICA, CARTOGRAFICA Y TOP.;36
2021-22;4314647;MÁSTER UNIVERSITARIO EN INGENIERÍA DE CAMINOS, CANALES Y PUERTOS;E.T.S.I. CAMINOS, CANALES Y PUERTOS;229
2021-22;4314825;MÁSTER UNIVERSITARIO EN DIRECCIÓN DE EMPRESAS (MBA);E. POLITÉCNICA SUPERIOR DE ALCOY;38
2021-22;4315002;MÁSTER UNIVERSITARIO EN INGENIERÍA TEXTIL;E. POLITÉCNICA SUPERIOR DE ALCOY;41
2021-22;4315070;MÁSTER UNIVERSITARIO EN ARQUITECTURA;E.T.S. DE ARQUITECTURA;425
2021-22;4315739;MÁSTER UNIVERSITARIO EN ARQUITECTURA DEL PAISAJE;E.T.S. DE ARQUITECTURA;15
2021-22;4315921;MÁSTER UNIVERSITARIO EN INGENIERÍA BIOMÉDICA;E.T.S.I. INDUSTRIALES;57
2021-22;4315941;MÁSTER UNIVERSITARIO ERASMUS MUNDUS EN SANIDAD VEGETAL EN AGRICULTURA SOSTENIBLE/ EUROPEAN MASTER DEGREE IN PLANT HEALTH IN SUSTAINABLE CROPPING SYSTEMS;UNIDAD DE MÁSTERES UNIVERSITARIOS;49
2021-22;4316135;MÁSTER UNIVERSITARIO EN GESTIÓN ADMINISTRATIVA;FACULTAD DE ADMINISTRACIÓN Y DIRECCIÓN DE EMPRESAS;30
2021-22;4316557;MÁSTER UNIVERSITARIO EN ESTUDIOS DE LA CIENCIA, LA TECNOLOGÍA Y LA INNOVACIÓN;UNIDAD DE MÁSTERES UNIVERSITARIOS;18
2021-22;4316840;MÁSTER UNIVERSITARIO EN MEJORA GENÉTICA VEGETAL;UNIDAD DE MÁSTERES UNIVERSITARIOS;44
2021-22;4317401;MÁSTER UNIVERSITARIO EN SOCIAL MEDIA Y COMUNICACIÓN CORPORATIVA;FACULTAD DE ADMINISTRACIÓN Y DIRECCIÓN DE EMPRESAS;42
2021-22;4317434;MÁSTER UNIVERSITARIO EN SISTEMAS INTELIGENTES DE TRANSPORTE;E.T.S.I. CAMINOS, CANALES Y PUERTOS;19
2021-22;4317446;MÁSTER UNIVERSITARIO EN COMUNICACIÓN TRANSMEDIA;ESCUELA POLITECNICA SUPERIOR DE GANDIA;24
2021-22;4317448;MÁSTER UNIVERSITARIO EN CIBERSEGURIDAD Y CIBERINTELIGENCIA;E.T.S. DE INGENIERÍA INFORMÁTICA;52
2021-22;4317455;MÁSTER UNIVERSITARIO ERASMUS MUNDUS EN ONDAS, ACÚSTICA, VIBRACIONES, INGENIERÍA Y SONIDO / ERASMUS MUNDUS MASTER IN WAVES, ACOUSTICS, VIBRATIONS, ENGINEERING AND SOUND (WAVES);ESCUELA POLITECNICA SUPERIOR DE GANDIA;15
2021-22;4317480;MÁSTER UNIVERSITARIO EN QUÍMICA SOSTENIBLE;UNIDAD DE MÁSTERES UNIVERSITARIOS;19
2021-22;4317898;MÁSTER UNIVERSITARIO ERASMUS MUNDUS EN MEJORA GENÉTICA VEGETAL / ERASMUS MUNDUS MASTER IN PLANT BREEDING - EMPLANT +;UNIDAD DE MÁSTERES UNIVERSITARIOS;7
2021-22;4317961;MÁSTER UNIVERSITARIO ERASMUS MUNDUS EN CIENCIA EN INGENIERÍA TEXTIL / ERASMUS MUNDUS MASTER OF SCIENCE IN TEXTILE ENGINEERING;E. POLITÉCNICA SUPERIOR DE ALCOY;19
2022-23;2500739;GRADO EN ARQUITECTURA TÉCNICA;E.T.S. DE INGENIERÍA DE EDIFICACIÓN;591
2022-23;2500801;GRADO EN CIENCIAS AMBIENTALES;ESCUELA POLITECNICA SUPERIOR DE GANDIA;241
2022-23;2501354;GRADO EN COMUNICACIÓN AUDIOVISUAL;ESCUELA POLITECNICA SUPERIOR DE GANDIA;376
2022-23;2501355;GRADO EN TURISMO;ESCUELA POLITECNICA SUPERIOR DE GANDIA;307
2022-23;2501356;GRADO EN INGENIERÍA EN DISEÑO INDUSTRIAL Y DESARROLLO DE PRODUCTOS;E. POLITÉCNICA SUPERIOR DE ALCOY;356
2022-23;2501356;GRADO EN INGENIERÍA EN DISEÑO INDUSTRIAL Y DESARROLLO DE PRODUCTOS;E.T.S. DE INGENIERIA DEL DISEÑO;650
2022-23;2501484;GRADO EN BELLAS ARTES;FACULTAD DE BELLAS ARTES;1556
2022-23;2501485;GRADO EN CONSERVACIÓN Y RESTAURACIÓN DE BIENES CULTURALES;FACULTAD DE BELLAS ARTES;398
2022-23;2501486;GRADO EN GESTIÓN Y ADMINISTRACIÓN PÚBLICA;FACULTAD DE ADMINISTRACIÓN Y DIRECCIÓN DE EMPRESAS;317
2022-23;2501649;GRADO EN BIOTECNOLOGÍA;E.T.S.I. AGRONÓMICA Y DEL MEDIO NATURAL;473
2022-23;2501650;GRADO EN CIENCIA Y TECNOLOGÍA DE LOS ALIMENTOS;E.T.S.I. AGRONÓMICA Y DEL MEDIO NATURAL;423
2022-23;2501651;GRADO EN ADMINISTRACIÓN Y DIRECCIÓN DE EMPRESAS;E. POLITÉCNICA SUPERIOR DE ALCOY;428
2022-23;2501651;GRADO EN ADMINISTRACIÓN Y DIRECCIÓN DE EMPRESAS;FACULTAD DE ADMINISTRACIÓN Y DIRECCIÓN DE EMPRESAS;1302
2022-23;2501653;GRADO EN INGENIERÍA AEROESPACIAL;E.T.S. DE INGENIERIA DEL DISEÑO;511
2022-23;2501654;GRADO EN INGENIERÍA AGROALIMENTARIA Y DEL MEDIO RURAL;E.T.S.I. AGRONÓMICA Y DEL MEDIO NATURAL;518
2022-23;2501655;GRADO EN INGENIERÍA ELÉCTRICA;E. POLITÉCNICA SUPERIOR DE ALCOY;159
2022-23;2501655;GRADO EN INGENIERÍA ELÉCTRICA;E.T.S. DE INGENIERIA DEL DISEÑO;336
2022-23;2501656;GRADO EN INGENIERÍA ELECTRÓNICA INDUSTRIAL Y AUTOMÁTICA;E.T.S. DE INGENIERIA DEL DISEÑO;692
2022-23;2501657;GRADO EN INGENIERÍA GEOMÁTICA Y TOPOGRAFÍA;E.T.S.I. GEODESICA, CARTOGRAFICA Y TOP.;261
2022-23;2501658;GRADO EN INGENIERÍA DE ORGANIZACIÓN INDUSTRIAL;E.T.S.I. INDUSTRIALES;357
2022-23;2501659;GRADO EN INGENIERÍA EN TECNOLOGÍAS INDUSTRIALES;E.T.S.I. INDUSTRIALES;1179
2022-23;2501660;GRADO EN INGENIERÍA FORESTAL Y DEL MEDIO NATURAL;E.T.S.I. AGRONÓMICA Y DEL MEDIO NATURAL;239
2022-23;2501661;GRADO EN INGENIERÍA INFORMÁTICA;E. POLITÉCNICA SUPERIOR DE ALCOY;316
2022-23;2501661;GRADO EN INGENIERÍA INFORMÁTICA;E.T.S. DE INGENIERÍA INFORMÁTICA;2010
2022-23;2501662;GRADO EN INGENIERÍA QUÍMICA;E. POLITÉCNICA SUPERIOR DE ALCOY;206
2022-23;2501662;GRADO EN INGENIERÍA QUÍMICA;E.T.S.I. INDUSTRIALES;349
2022-23;2501663;GRADO EN INGENIERÍA DE SISTEMAS DE TELECOMUNICACIÓN, SONIDO E IMAGEN;ESCUELA POLITECNICA SUPERIOR DE GANDIA;227
2022-23;2502182;GRADO EN INGENIERÍA MECÁNICA;E. POLITÉCNICA SUPERIOR DE ALCOY;495
2022-23;2502182;GRADO EN INGENIERÍA MECÁNICA;E.T.S. DE INGENIERIA DEL DISEÑO;710
2022-23;2502405;GRADO EN INGENIERÍA DE OBRAS PÚBLICAS;E.T.S.I. CAMINOS, CANALES Y PUERTOS;106
2022-23;2502407;GRADO EN INGENIERÍA DE TECNOLOGÍAS Y SERVICIOS DE TELECOMUNICACIÓN;E.T.S.I. DE TELECOMUNICACIÓN;1062
2022-23;2502507;GRADO EN INGENIERÍA CIVIL;E.T.S.I. CAMINOS, CANALES Y PUERTOS;407
2022-23;2502660;GRADO EN INGENIERÍA DE LA ENERGÍA;E.T.S.I. INDUSTRIALES;352
2022-23;2502731;GRADO EN INGENIERÍA BIOMÉDICA;E.T.S.I. INDUSTRIALES;310
2022-23;2503025;GRADO EN FUNDAMENTOS DE LA ARQUITECTURA;E.T.S. DE ARQUITECTURA;1826
2022-23;2503349;GRADO EN DISEÑO Y TECNOLOGÍAS CREATIVAS;FACULTAD DE BELLAS ARTES;461
2022-23;2503504;GRADO EN TECNOLOGÍAS INTERACTIVAS;ESCUELA POLITECNICA SUPERIOR DE GANDIA;185
2022-23;2503653;GRADO EN CIENCIA DE DATOS;E.T.S. DE INGENIERÍA INFORMÁTICA;343
2022-23;2503930;GRADO EN TECNOLOGÍA DIGITAL Y MULTIMEDIA;E.T.S.I. DE TELECOMUNICACIÓN;282
2022-23;2504265;GRADO EN DISEÑO ARQUITECTÓNICO DE INTERIORES;E.T.S. DE ARQUITECTURA;352
2022-23;2504322;GRADO EN INGENIERÍA FÍSICA;E.T.S.I. DE TELECOMUNICACIÓN;150
2022-23;2504353;GRADO EN MATEMÁTICAS;E.T.S.I. DE TELECOMUNICACIÓN;94
2022-23;2504381;GRADO EN INFORMÁTICA INDUSTRIAL Y ROBÓTICA;E. POLITÉCNICA SUPERIOR DE ALCOY;59
2022-23;2504381;GRADO EN INFORMÁTICA INDUSTRIAL Y ROBÓTICA;E.T.S. DE INGENIERÍA INFORMÁTICA;71
2022-23;2504505;GRADO EN GESTIÓN DEL TRANSPORTE Y LA LOGÍSTICA;E.T.S.I. CAMINOS, CANALES Y PUERTOS;75
2022-23;4310279;MÁSTER UNIVERSITARIO EN COMPUTACIÓN EN LA NUBE Y DE ALTAS PRESTACIONES / CLOUD AND HIGH-PERFORMANCE COMPUTING;UNIDAD DE MÁSTERES UNIVERSITARIOS;31
2022-23;4310280;MÁSTER UNIVERSITARIO EN EDIFICACIÓN;E.T.S. DE INGENIERÍA DE EDIFICACIÓN;79
2022-23;4310282;MÁSTER UNIVERSITARIO EN INGENIERÍA ACÚSTICA;ESCUELA POLITECNICA SUPERIOR DE GANDIA;16
2022-23;4310284;MÁSTER UNIVERSITARIO EN INGENIERÍA DE COMPUTADORES Y REDES;UNIDAD DE MÁSTERES UNIVERSITARIOS;18
2022-23;4310288;MÁSTER UNIVERSITARIO EN TRANSPORTE, TERRITORIO Y URBANISMO;E.T.S.I. CAMINOS, CANALES Y PUERTOS;58
2022-23;4310468;MÁSTER UNIVERSITARIO EN SANIDAD Y PRODUCCIÓN VEGETAL;UNIDAD DE MÁSTERES UNIVERSITARIOS;25
2022-23;4310569;MÁSTER UNIVERSITARIO EN INGENIERÍA AVANZADA DE PRODUCCIÓN, LOGÍSTICA Y CADENA DE SUMINISTRO;E.T.S.I. INDUSTRIALES;55
2022-23;4310809;MÁSTER UNIVERSITARIO EN ARTES VISUALES Y MULTIMEDIA;UNIDAD DE MÁSTERES UNIVERSITARIOS;47
2022-23;4310813;MÁSTER UNIVERSITARIO EN GESTIÓN DE EMPRESAS, PRODUCTOS Y SERVICIOS;FACULTAD DE ADMINISTRACIÓN Y DIRECCIÓN DE EMPRESAS;55
2022-23;4310814;MÁSTER UNIVERSITARIO EN DIRECCIÓN FINANCIERA Y FISCAL;FACULTAD DE ADMINISTRACIÓN Y DIRECCIÓN DE EMPRESAS;48
2022-23;4310898;MÁSTER UNIVERSITARIO EN DIRECCIÓN Y GESTIÓN DE PROYECTOS;E.T.S.I. INDUSTRIALES;57
2022-23;4310960;MÁSTER UNIVERSITARIO EN GESTIÓN CULTURAL;UNIDAD DE MÁSTERES UNIVERSITARIOS;38
2022-23;4310963;MÁSTER UNIVERSITARIO EN ARQUITECTURA AVANZADA, PAISAJE, URBANISMO Y DISEÑO;E.T.S. DE ARQUITECTURA;122
2022-23;4310964;MÁSTER UNIVERSITARIO EN AUTOMÁTICA E INFORMÁTICA INDUSTRIAL;UNIDAD DE MÁSTERES UNIVERSITARIOS;39
2022-23;4310965;MÁSTER UNIVERSITARIO EN CIENCIA E INGENIERÍA DE LOS ALIMENTOS;E.T.S.I. AGRONÓMICA Y DEL MEDIO NATURAL;49
2022-23;4310966;MÁSTER UNIVERSITARIO EN CONSERVACIÓN DEL PATRIMONIO ARQUITECTÓNICO;E.T.S. DE ARQUITECTURA;67
2022-23;4310967;MÁSTER UNIVERSITARIO EN CONSERVACIÓN Y RESTAURACIÓN DE BIENES CULTURALES;UNIDAD DE MÁSTERES UNIVERSITARIOS;75
2022-23;4310968;MÁSTER UNIVERSITARIO EN CONSTRUCCIONES E INSTALACIONES INDUSTRIALES;E.T.S.I. INDUSTRIALES;40
2022-23;4310969;MÁSTER UNIVERSITARIO EN DISEÑO Y FABRICACIÓN INTEGRADA ASISTIDOS POR COMPUTADOR;E.T.S. DE INGENIERIA DEL DISEÑO;43
2022-23;4310971;MÁSTER UNIVERSITARIO EN INGENIERÍA DE SISTEMAS ELECTRÓNICOS;E.T.S.I. DE TELECOMUNICACIÓN;86
2022-23;4310972;MÁSTER UNIVERSITARIO EN INGENIERÍA Y TECNOLOGÍA DE SISTEMAS SOFTWARE;UNIDAD DE MÁSTERES UNIVERSITARIOS;35
2022-23;4310973;MÁSTER UNIVERSITARIO EN INGENIERÍA DEL DISEÑO;E.T.S. DE INGENIERIA DEL DISEÑO;112
2022-23;4310974;MÁSTER UNIVERSITARIO EN INGENIERÍA DEL HORMIGÓN;UNIDAD DE MÁSTERES UNIVERSITARIOS;42
2022-23;4310975;MÁSTER UNIVERSITARIO EN INGENIERÍA DEL MANTENIMIENTO;E.T.S. DE INGENIERIA DEL DISEÑO;57
2022-23;4310976;MÁSTER UNIVERSITARIO EN PLANIFICACIÓN Y GESTIÓN EN INGENIERÍA CIVIL;E.T.S.I. CAMINOS, CANALES Y PUERTOS;71
2022-23;4310977;MÁSTER UNIVERSITARIO EN INGENIERÍA HIDRÁULICA Y MEDIO AMBIENTE;UNIDAD DE MÁSTERES UNIVERSITARIOS;94
2022-23;4310978;MÁSTER UNIVERSITARIO EN INGENIERÍA MECÁNICA;UNIDAD DE MÁSTERES UNIVERSITARIOS;34
2022-23;4310979;MÁSTER UNIVERSITARIO EN INTELIGENCIA ARTIFICIAL, RECONOCIMIENTO DE FORMAS E IMAGEN DIGITAL;UNIDAD DE MÁSTERES UNIVERSITARIOS;47
2022-23;4310980;MÁSTER UNIVERSITARIO EN SISTEMAS PROPULSIVOS PARA UNA MOVILIDAD SOSTENIBLE;UNIDAD DE MÁSTERES UNIVERSITARIOS;26
2022-23;4310981;MÁSTER UNIVERSITARIO EN TECNOLOGÍA ENERGÉTICA PARA DESARROLLO SOSTENIBLE;E.T.S.I. INDUSTRIALES;54
2022-23;4310982;MÁSTER UNIVERSITARIO EN TECNOLOGÍAS, SISTEMAS Y REDES DE COMUNICACIONES;E.T.S.I. DE TELECOMUNICACIÓN;31
2022-23;4311602;MÁSTER UNIVERSITARIO EN BIOTECNOLOGÍA BIOMÉDICA;UNIDAD DE MÁSTERES UNIVERSITARIOS;47
2022-23;4311603;MÁSTER UNIVERSITARIO EN BIOTECNOLOGÍA MOLECULAR Y CELULAR DE PLANTAS;UNIDAD DE MÁSTERES UNIVERSITARIOS;48
2022-23;4311604;MÁSTER UNIVERSITARIO EN ECONOMÍA AGROALIMENTARIA Y DEL MEDIO AMBIENTE;UNIDAD DE MÁSTERES UNIVERSITARIOS;25
2022-23;4311605;MÁSTER UNIVERSITARIO EN GESTIÓN DE LA SEGURIDAD Y CALIDAD ALIMENTARIA;E.T.S.I. AGRONÓMICA Y DEL MEDIO NATURAL;55
2022-23;4311606;MÁSTER UNIVERSITARIO EN INGENIERÍA DE ANÁLISIS DE DATOS, MEJORA DE PROCESOS Y TOMA DE DECISIONES;UNIDAD DE MÁSTERES UNIVERSITARIOS;44
2022-23;4311609;MÁSTER UNIVERSITARIO EN LENGUAS Y TECNOLOGÍA;UNIDAD DE MÁSTERES UNIVERSITARIOS;36
2022-23;4311610;MÁSTER UNIVERSITARIO EN MEJORA GENÉTICA ANIMAL Y BIOTECNOLOGÍA DE LA REPRODUCCIÓN;UNIDAD DE MÁSTERES UNIVERSITARIOS;15
2022-23;4311612;MÁSTER UNIVERSITARIO EN POSTPRODUCCIÓN DIGITAL;ESCUELA POLITECNICA SUPERIOR DE GANDIA;48
2022-23;4311613;MÁSTER UNIVERSITARIO EN PREVENCIÓN DE RIESGOS LABORALES;UNIDAD DE MÁSTERES UNIVERSITARIOS;92
2022-23;4311614;MÁSTER UNIVERSITARIO EN PRODUCCIÓN ARTÍSTICA;FACULTAD DE BELLAS ARTES;177
2022-23;4311725;MÁSTER UNIVERSITARIO EN COOPERACIÓN AL DESARROLLO;UNIDAD DE MÁSTERES UNIVERSITARIOS;53
2022-23;4311726;MÁSTER UNIVERSITARIO EN INGENIERÍA AMBIENTAL;E.T.S.I. CAMINOS, CANALES Y PUERTOS;33
2022-23;4312033;MÁSTER UNIVERSITARIO EN ACUICULTURA;UNIDAD DE MÁSTERES UNIVERSITARIOS;9
2022-23;4312991;MÁSTER UNIVERSITARIO EN EVALUACIÓN Y SEGUIMIENTO AMBIENTAL DE ECOSISTEMAS MARINOS Y COSTEROS;ESCUELA POLITECNICA SUPERIOR DE GANDIA;24
2022-23;4313930;MÁSTER UNIVERSITARIO EN INVESTIGACIÓN MATEMÁTICA;UNIDAD DE MÁSTERES UNIVERSITARIOS;23
2022-23;4314065;MÁSTER UNIVERSITARIO EN INGENIERÍA, PROCESADO Y CARACTERIZACIÓN DE MATERIALES;E. POLITÉCNICA SUPERIOR DE ALCOY;39
2022-23;4314067;MÁSTER UNIVERSITARIO EN INGENIERÍA MECATRÓNICA;E.T.S. DE INGENIERIA DEL DISEÑO;94
2022-23;4314071;MÁSTER UNIVERSITARIO EN INGENIERÍA DE ORGANIZACIÓN Y LOGÍSTICA;E. POLITÉCNICA SUPERIOR DE ALCOY;50
2022-23;4314473;MÁSTER UNIVERSITARIO EN INGENIERÍA DE MONTES;E.T.S.I. AGRONÓMICA Y DEL MEDIO NATURAL;20
2022-23;4314518;MÁSTER UNIVERSITARIO EN INGENIERÍA DE TELECOMUNICACIÓN;E.T.S.I. DE TELECOMUNICACIÓN;128
2022-23;4314521;MÁSTER UNIVERSITARIO EN INGENIERÍA AERONÁUTICA;E.T.S. DE INGENIERIA DEL DISEÑO;236
2022-23;4314523;MÁSTER UNIVERSITARIO EN INGENIERÍA QUÍMICA;E.T.S.I. INDUSTRIALES;133
2022-23;4314524;MÁSTER UNIVERSITARIO EN INGENIERÍA INDUSTRIAL;E.T.S.I. INDUSTRIALES;860
2022-23;4314526;MÁSTER UNIVERSITARIO EN INGENIERÍA INFORMÁTICA;E.T.S. DE INGENIERÍA INFORMÁTICA;77
2022-23;4314528;MÁSTER UNIVERSITARIO EN ENOLOGÍA;E.T.S.I. AGRONÓMICA Y DEL MEDIO NATURAL;32
2022-23;4314529;MÁSTER UNIVERSITARIO EN INGENIERÍA AGRONÓMICA;E.T.S.I. AGRONÓMICA Y DEL MEDIO NATURAL;193
2022-23;4314646;MÁSTER UNIVERSITARIO EN INGENIERÍA GEOMÁTICA Y GEOINFORMACIÓN;E.T.S.I. GEODESICA, CARTOGRAFICA Y TOP.;52
2022-23;4314647;MÁSTER UNIVERSITARIO EN INGENIERÍA DE CAMINOS, CANALES Y PUERTOS;E.T.S.I. CAMINOS, CANALES Y PUERTOS;205
2022-23;4314825;MÁSTER UNIVERSITARIO EN DIRECCIÓN DE EMPRESAS (MBA);E. POLITÉCNICA SUPERIOR DE ALCOY;43
2022-23;4315002;MÁSTER UNIVERSITARIO EN INGENIERÍA TEXTIL;E. POLITÉCNICA SUPERIOR DE ALCOY;39
2022-23;4315070;MÁSTER UNIVERSITARIO EN ARQUITECTURA;E.T.S. DE ARQUITECTURA;438
2022-23;4315739;MÁSTER UNIVERSITARIO EN ARQUITECTURA DEL PAISAJE;E.T.S. DE ARQUITECTURA;6
2022-23;4315921;MÁSTER UNIVERSITARIO EN INGENIERÍA BIOMÉDICA;E.T.S.I. INDUSTRIALES;39
2022-23;4315941;MÁSTER UNIVERSITARIO ERASMUS MUNDUS EN SANIDAD VEGETAL EN AGRICULTURA SOSTENIBLE/ EUROPEAN MASTER DEGREE IN PLANT HEALTH IN SUSTAINABLE CROPPING SYSTEMS;UNIDAD DE MÁSTERES UNIVERSITARIOS;50
2022-23;4316135;MÁSTER UNIVERSITARIO EN GESTIÓN ADMINISTRATIVA;FACULTAD DE ADMINISTRACIÓN Y DIRECCIÓN DE EMPRESAS;39
2022-23;4316557;MÁSTER UNIVERSITARIO EN ESTUDIOS DE LA CIENCIA, LA TECNOLOGÍA Y LA INNOVACIÓN;UNIDAD DE MÁSTERES UNIVERSITARIOS;17
2022-23;4316840;MÁSTER UNIVERSITARIO EN MEJORA GENÉTICA VEGETAL;UNIDAD DE MÁSTERES UNIVERSITARIOS;48
2022-23;4317401;MÁSTER UNIVERSITARIO EN SOCIAL MEDIA Y COMUNICACIÓN CORPORATIVA;FACULTAD DE ADMINISTRACIÓN Y DIRECCIÓN DE EMPRESAS;51
2022-23;4317434;MÁSTER UNIVERSITARIO EN SISTEMAS INTELIGENTES DE TRANSPORTE;E.T.S.I. CAMINOS, CANALES Y PUERTOS;22
2022-23;4317446;MÁSTER UNIVERSITARIO EN COMUNICACIÓN TRANSMEDIA;ESCUELA POLITECNICA SUPERIOR DE GANDIA;31
2022-23;4317448;MÁSTER UNIVERSITARIO EN CIBERSEGURIDAD Y CIBERINTELIGENCIA;E.T.S. DE INGENIERÍA INFORMÁTICA;57
2022-23;4317455;MÁSTER UNIVERSITARIO ERASMUS MUNDUS EN ONDAS, ACÚSTICA, VIBRACIONES, INGENIERÍA Y SONIDO / ERASMUS MUNDUS MASTER IN WAVES, ACOUSTICS, VIBRATIONS, ENGINEERING AND SOUND (WAVES);ESCUELA POLITECNICA SUPERIOR DE GANDIA;28
2022-23;4317480;MÁSTER UNIVERSITARIO EN QUÍMICA SOSTENIBLE;UNIDAD DE MÁSTERES UNIVERSITARIOS;24
2022-23;4317640;MÁSTER UNIVERSITARIO EN INGENIERÍA BIOAMBIENTAL Y DEL PAISAJE;E.T.S.I. AGRONÓMICA Y DEL MEDIO NATURAL;16
2022-23;4317898;MÁSTER UNIVERSITARIO ERASMUS MUNDUS EN MEJORA GENÉTICA VEGETAL / ERASMUS MUNDUS MASTER IN PLANT BREEDING - EMPLANT +;UNIDAD DE MÁSTERES UNIVERSITARIOS;15
2022-23;4317936;MÁSTER UNIVERSITARIO EN GANADERÍA DE PRECISIÓN;E.T.S.I. AGRONÓMICA Y DEL MEDIO NATURAL;14
2022-23;4317948;MÁSTER UNIVERSITARIO EN MECÁNICA DE FLUIDOS COMPUTACIONAL;E.T.S. DE INGENIERIA DEL DISEÑO;19
2022-23;4317961;MÁSTER UNIVERSITARIO ERASMUS MUNDUS EN CIENCIA EN INGENIERÍA TEXTIL / ERASMUS MUNDUS MASTER OF SCIENCE IN TEXTILE ENGINEERING;E. POLITÉCNICA SUPERIOR DE ALCOY;38
2022-23;4318105;MÁSTER UNIVERSITARIO EN SEGURIDAD NUCLEAR Y PROTECCIÓN RADIOLÓGICA;E.T.S.I. INDUSTRIALES;7
2023-24;2500739;GRADO EN ARQUITECTURA TÉCNICA;E.T.S. DE INGENIERÍA DE EDIFICACIÓN;730
2023-24;2500801;GRADO EN CIENCIAS AMBIENTALES;ESCUELA POLITECNICA SUPERIOR DE GANDIA;252
2023-24;2501354;GRADO EN COMUNICACIÓN AUDIOVISUAL;ESCUELA POLITECNICA SUPERIOR DE GANDIA;385
2023-24;2501355;GRADO EN TURISMO;ESCUELA POLITECNICA SUPERIOR DE GANDIA;298
2023-24;2501356;GRADO EN INGENIERÍA EN DISEÑO INDUSTRIAL Y DESARROLLO DE PRODUCTOS;E. POLITÉCNICA SUPERIOR DE ALCOY;336
2023-24;2501356;GRADO EN INGENIERÍA EN DISEÑO INDUSTRIAL Y DESARROLLO DE PRODUCTOS;E.T.S. DE INGENIERIA AEROESPACIAL Y DISEÑO INDUSTRIAL;651
2023-24;2501484;GRADO EN BELLAS ARTES;FACULTAD DE BELLAS ARTES;1534
2023-24;2501485;GRADO EN CONSERVACIÓN Y RESTAURACIÓN DE BIENES CULTURALES;FACULTAD DE BELLAS ARTES;387
2023-24;2501486;GRADO EN GESTIÓN Y ADMINISTRACIÓN PÚBLICA;FACULTAD DE ADMINISTRACIÓN Y DIRECCIÓN DE EMPRESAS;323
2023-24;2501649;GRADO EN BIOTECNOLOGÍA;E.T.S.I. AGRONÓMICA Y DEL MEDIO NATURAL;503
2023-24;2501650;GRADO EN CIENCIA Y TECNOLOGÍA DE LOS ALIMENTOS;E.T.S.I. AGRONÓMICA Y DEL MEDIO NATURAL;436
2023-24;2501651;GRADO EN ADMINISTRACIÓN Y DIRECCIÓN DE EMPRESAS;E. POLITÉCNICA SUPERIOR DE ALCOY;417
2023-24;2501651;GRADO EN ADMINISTRACIÓN Y DIRECCIÓN DE EMPRESAS;FACULTAD DE ADMINISTRACIÓN Y DIRECCIÓN DE EMPRESAS;1370
2023-24;2501653;GRADO EN INGENIERÍA AEROESPACIAL;E.T.S. DE INGENIERIA AEROESPACIAL Y DISEÑO INDUSTRIAL;547
2023-24;2501654;GRADO EN INGENIERÍA AGROALIMENTARIA Y DEL MEDIO RURAL;E.T.S.I. AGRONÓMICA Y DEL MEDIO NATURAL;577
2023-24;2501655;GRADO EN INGENIERÍA ELÉCTRICA;E. POLITÉCNICA SUPERIOR DE ALCOY;156
2023-24;2501655;GRADO EN INGENIERÍA ELÉCTRICA;E.T.S. DE INGENIERIA AEROESPACIAL Y DISEÑO INDUSTRIAL;362
2023-24;2501656;GRADO EN INGENIERÍA ELECTRÓNICA INDUSTRIAL Y AUTOMÁTICA;E.T.S. DE INGENIERIA AEROESPACIAL Y DISEÑO INDUSTRIAL;707
2023-24;2501657;GRADO EN INGENIERÍA GEOMÁTICA Y TOPOGRAFÍA;E.T.S.I. GEODESICA, CARTOGRAFICA Y TOP.;271
2023-24;2501658;GRADO EN INGENIERÍA DE ORGANIZACIÓN INDUSTRIAL;E.T.S.I. INDUSTRIALES;403
2023-24;2501659;GRADO EN INGENIERÍA EN TECNOLOGÍAS INDUSTRIALES;E.T.S.I. INDUSTRIALES;1224
2023-24;2501660;GRADO EN INGENIERÍA FORESTAL Y DEL MEDIO NATURAL;E.T.S.I. AGRONÓMICA Y DEL MEDIO NATURAL;277
2023-24;2501661;GRADO EN INGENIERÍA INFORMÁTICA;E. POLITÉCNICA SUPERIOR DE ALCOY;346
2023-24;2501661;GRADO EN INGENIERÍA INFORMÁTICA;E.T.S. DE INGENIERÍA INFORMÁTICA;2072
2023-24;2501662;GRADO EN INGENIERÍA QUÍMICA;E. POLITÉCNICA SUPERIOR DE ALCOY;211
2023-24;2501662;GRADO EN INGENIERÍA QUÍMICA;E.T.S.I. INDUSTRIALES;353
2023-24;2501663;GRADO EN INGENIERÍA DE SISTEMAS DE TELECOMUNICACIÓN, SONIDO E IMAGEN;ESCUELA POLITECNICA SUPERIOR DE GANDIA;228
2023-24;2502182;GRADO EN INGENIERÍA MECÁNICA;E. POLITÉCNICA SUPERIOR DE ALCOY;502
2023-24;2502182;GRADO EN INGENIERÍA MECÁNICA;E.T.S. DE INGENIERIA AEROESPACIAL Y DISEÑO INDUSTRIAL;733
2023-24;2502407;GRADO EN INGENIERÍA DE TECNOLOGÍAS Y SERVICIOS DE TELECOMUNICACIÓN;E.T.S.I. DE TELECOMUNICACIÓN;1097
2023-24;2502660;GRADO EN INGENIERÍA DE LA ENERGÍA;E.T.S.I. INDUSTRIALES;380
2023-24;2502731;GRADO EN INGENIERÍA BIOMÉDICA;E.T.S.I. INDUSTRIALES;349
2023-24;2503025;GRADO EN FUNDAMENTOS DE LA ARQUITECTURA;E.T.S. DE ARQUITECTURA;1972
2023-24;2503349;GRADO EN DISEÑO Y TECNOLOGÍAS CREATIVAS;FACULTAD DE BELLAS ARTES;457
2023-24;2503504;GRADO EN TECNOLOGÍAS INTERACTIVAS;ESCUELA POLITECNICA SUPERIOR DE GANDIA;177
2023-24;2503653;GRADO EN CIENCIA DE DATOS;E.T.S. DE INGENIERÍA INFORMÁTICA;419
2023-24;2503930;GRADO EN TECNOLOGÍA DIGITAL Y MULTIMEDIA;E.T.S.I. DE TELECOMUNICACIÓN;309
2023-24;2504265;GRADO EN DISEÑO ARQUITECTÓNICO DE INTERIORES;E.T.S. DE ARQUITECTURA;561
2023-24;2504322;GRADO EN INGENIERÍA FÍSICA;E.T.S.I. DE TELECOMUNICACIÓN;205
2023-24;2504353;GRADO EN MATEMÁTICAS;E.T.S.I. DE TELECOMUNICACIÓN;156
2023-24;2504381;GRADO EN INFORMÁTICA INDUSTRIAL Y ROBÓTICA;E. POLITÉCNICA SUPERIOR DE ALCOY;115
2023-24;2504381;GRADO EN INFORMÁTICA INDUSTRIAL Y ROBÓTICA;E.T.S. DE INGENIERÍA INFORMÁTICA;139
2023-24;2504505;GRADO EN GESTIÓN DEL TRANSPORTE Y LA LOGÍSTICA;E.T.S.I. CAMINOS, CANALES Y PUERTOS;146
2023-24;2504565;GRADO EN INGENIERÍA CIVIL;E.T.S.I. CAMINOS, CANALES Y PUERTOS;180
2023-24;4310279;MÁSTER UNIVERSITARIO EN COMPUTACIÓN EN LA NUBE Y DE ALTAS PRESTACIONES / CLOUD AND HIGH-PERFORMANCE COMPUTING;UNIDAD DE MÁSTERES UNIVERSITARIOS;48
2023-24;4310280;MÁSTER UNIVERSITARIO EN EDIFICACIÓN;E.T.S. DE INGENIERÍA DE EDIFICACIÓN;88
2023-24;4310282;MÁSTER UNIVERSITARIO EN INGENIERÍA ACÚSTICA;ESCUELA POLITECNICA SUPERIOR DE GANDIA;21
2023-24;4310284;MÁSTER UNIVERSITARIO EN INGENIERÍA DE COMPUTADORES Y REDES;UNIDAD DE MÁSTERES UNIVERSITARIOS;25
2023-24;4310288;MÁSTER UNIVERSITARIO EN TRANSPORTE, TERRITORIO Y URBANISMO;E.T.S.I. CAMINOS, CANALES Y PUERTOS;57
2023-24;4310468;MÁSTER UNIVERSITARIO EN SANIDAD Y PRODUCCIÓN VEGETAL;UNIDAD DE MÁSTERES UNIVERSITARIOS;16
2023-24;4310569;MÁSTER UNIVERSITARIO EN INGENIERÍA AVANZADA DE PRODUCCIÓN, LOGÍSTICA Y CADENA DE SUMINISTRO;E.T.S.I. INDUSTRIALES;67
2023-24;4310809;MÁSTER UNIVERSITARIO EN ARTES VISUALES Y MULTIMEDIA;UNIDAD DE MÁSTERES UNIVERSITARIOS;46
2023-24;4310813;MÁSTER UNIVERSITARIO EN GESTIÓN DE EMPRESAS, PRODUCTOS Y SERVICIOS;FACULTAD DE ADMINISTRACIÓN Y DIRECCIÓN DE EMPRESAS;56
2023-24;4310814;MÁSTER UNIVERSITARIO EN DIRECCIÓN FINANCIERA Y FISCAL;FACULTAD DE ADMINISTRACIÓN Y DIRECCIÓN DE EMPRESAS;47
2023-24;4310898;MÁSTER UNIVERSITARIO EN DIRECCIÓN Y GESTIÓN DE PROYECTOS;E.T.S.I. INDUSTRIALES;48
2023-24;4310960;MÁSTER UNIVERSITARIO EN GESTIÓN CULTURAL;UNIDAD DE MÁSTERES UNIVERSITARIOS;43
2023-24;4310963;MÁSTER UNIVERSITARIO EN ARQUITECTURA AVANZADA, PAISAJE, URBANISMO Y DISEÑO;E.T.S. DE ARQUITECTURA;140
2023-24;4310964;MÁSTER UNIVERSITARIO EN AUTOMÁTICA E INFORMÁTICA INDUSTRIAL;UNIDAD DE MÁSTERES UNIVERSITARIOS;44
2023-24;4310965;MÁSTER UNIVERSITARIO EN CIENCIA E INGENIERÍA DE LOS ALIMENTOS;E.T.S.I. AGRONÓMICA Y DEL MEDIO NATURAL;63
2023-24;4310966;MÁSTER UNIVERSITARIO EN CONSERVACIÓN DEL PATRIMONIO ARQUITECTÓNICO;E.T.S. DE ARQUITECTURA;85
2023-24;4310967;MÁSTER UNIVERSITARIO EN CONSERVACIÓN Y RESTAURACIÓN DE BIENES CULTURALES;UNIDAD DE MÁSTERES UNIVERSITARIOS;74
2023-24;4310968;MÁSTER UNIVERSITARIO EN CONSTRUCCIONES E INSTALACIONES INDUSTRIALES;E.T.S.I. INDUSTRIALES;39
2023-24;4310969;MÁSTER UNIVERSITARIO EN DISEÑO Y FABRICACIÓN INTEGRADA ASISTIDOS POR COMPUTADOR;E.T.S. DE INGENIERIA AEROESPACIAL Y DISEÑO INDUSTRIAL;52
2023-24;4310971;MÁSTER UNIVERSITARIO EN INGENIERÍA DE SISTEMAS ELECTRÓNICOS;E.T.S.I. DE TELECOMUNICACIÓN;93
2023-24;4310972;MÁSTER UNIVERSITARIO EN INGENIERÍA Y TECNOLOGÍA DE SISTEMAS SOFTWARE;UNIDAD DE MÁSTERES UNIVERSITARIOS;33
2023-24;4310973;MÁSTER UNIVERSITARIO EN INGENIERÍA DEL DISEÑO;E.T.S. DE INGENIERIA AEROESPACIAL Y DISEÑO INDUSTRIAL;101
2023-24;4310974;MÁSTER UNIVERSITARIO EN INGENIERÍA DEL HORMIGÓN;UNIDAD DE MÁSTERES UNIVERSITARIOS;25
2023-24;4310975;MÁSTER UNIVERSITARIO EN INGENIERÍA DEL MANTENIMIENTO;E.T.S. DE INGENIERIA AEROESPACIAL Y DISEÑO INDUSTRIAL;51
2023-24;4310976;MÁSTER UNIVERSITARIO EN PLANIFICACIÓN Y GESTIÓN EN INGENIERÍA CIVIL;E.T.S.I. CAMINOS, CANALES Y PUERTOS;88
2023-24;4310977;MÁSTER UNIVERSITARIO EN INGENIERÍA HIDRÁULICA Y MEDIO AMBIENTE;UNIDAD DE MÁSTERES UNIVERSITARIOS;98
2023-24;4310978;MÁSTER UNIVERSITARIO EN INGENIERÍA MECÁNICA;UNIDAD DE MÁSTERES UNIVERSITARIOS;50
2023-24;4310979;MÁSTER UNIVERSITARIO EN INTELIGENCIA ARTIFICIAL, RECONOCIMIENTO DE FORMAS E IMAGEN DIGITAL;UNIDAD DE MÁSTERES UNIVERSITARIOS;43
2023-24;4310980;MÁSTER UNIVERSITARIO EN SISTEMAS PROPULSIVOS PARA UNA MOVILIDAD SOSTENIBLE;UNIDAD DE MÁSTERES UNIVERSITARIOS;27
2023-24;4310981;MÁSTER UNIVERSITARIO EN TECNOLOGÍA ENERGÉTICA PARA DESARROLLO SOSTENIBLE;E.T.S.I. INDUSTRIALES;61
2023-24;4310982;MÁSTER UNIVERSITARIO EN TECNOLOGÍAS, SISTEMAS Y REDES DE COMUNICACIONES;E.T.S.I. DE TELECOMUNICACIÓN;45
2023-24;4311602;MÁSTER UNIVERSITARIO EN BIOTECNOLOGÍA BIOMÉDICA;UNIDAD DE MÁSTERES UNIVERSITARIOS;72
2023-24;4311603;MÁSTER UNIVERSITARIO EN BIOTECNOLOGÍA MOLECULAR Y CELULAR DE PLANTAS;UNIDAD DE MÁSTERES UNIVERSITARIOS;56
2023-24;4311604;MÁSTER UNIVERSITARIO EN ECONOMÍA AGROALIMENTARIA Y DEL MEDIO AMBIENTE;UNIDAD DE MÁSTERES UNIVERSITARIOS;30
2023-24;4311605;MÁSTER UNIVERSITARIO EN GESTIÓN DE LA SEGURIDAD Y CALIDAD ALIMENTARIA;E.T.S.I. AGRONÓMICA Y DEL MEDIO NATURAL;64
2023-24;4311606;MÁSTER UNIVERSITARIO EN INGENIERÍA DE ANÁLISIS DE DATOS, MEJORA DE PROCESOS Y TOMA DE DECISIONES;UNIDAD DE MÁSTERES UNIVERSITARIOS;51
2023-24;4311609;MÁSTER UNIVERSITARIO EN LENGUAS Y TECNOLOGÍA;UNIDAD DE MÁSTERES UNIVERSITARIOS;29
2023-24;4311610;MÁSTER UNIVERSITARIO EN MEJORA GENÉTICA ANIMAL Y BIOTECNOLOGÍA DE LA REPRODUCCIÓN;UNIDAD DE MÁSTERES UNIVERSITARIOS;13
2023-24;4311612;MÁSTER UNIVERSITARIO EN POSTPRODUCCIÓN DIGITAL;ESCUELA POLITECNICA SUPERIOR DE GANDIA;45
2023-24;4311613;MÁSTER UNIVERSITARIO EN PREVENCIÓN DE RIESGOS LABORALES;UNIDAD DE MÁSTERES UNIVERSITARIOS;94
2023-24;4311614;MÁSTER UNIVERSITARIO EN PRODUCCIÓN ARTÍSTICA;FACULTAD DE BELLAS ARTES;181
2023-24;4311725;MÁSTER UNIVERSITARIO EN COOPERACIÓN AL DESARROLLO;UNIDAD DE MÁSTERES UNIVERSITARIOS;47
2023-24;4311726;MÁSTER UNIVERSITARIO EN INGENIERÍA AMBIENTAL;E.T.S.I. CAMINOS, CANALES Y PUERTOS;46
2023-24;4312033;MÁSTER UNIVERSITARIO EN ACUICULTURA;UNIDAD DE MÁSTERES UNIVERSITARIOS;15
2023-24;4312991;MÁSTER UNIVERSITARIO EN EVALUACIÓN Y SEGUIMIENTO AMBIENTAL DE ECOSISTEMAS MARINOS Y COSTEROS;ESCUELA POLITECNICA SUPERIOR DE GANDIA;33
2023-24;4313930;MÁSTER UNIVERSITARIO EN INVESTIGACIÓN MATEMÁTICA;UNIDAD DE MÁSTERES UNIVERSITARIOS;30
2023-24;4314065;MÁSTER UNIVERSITARIO EN INGENIERÍA, PROCESADO Y CARACTERIZACIÓN DE MATERIALES;E. POLITÉCNICA SUPERIOR DE ALCOY;41
2023-24;4314067;MÁSTER UNIVERSITARIO EN INGENIERÍA MECATRÓNICA;E.T.S. DE INGENIERIA AEROESPACIAL Y DISEÑO INDUSTRIAL;91
2023-24;4314071;MÁSTER UNIVERSITARIO EN INGENIERÍA DE ORGANIZACIÓN Y LOGÍSTICA;E. POLITÉCNICA SUPERIOR DE ALCOY;41
2023-24;4314473;MÁSTER UNIVERSITARIO EN INGENIERÍA DE MONTES;E.T.S.I. AGRONÓMICA Y DEL MEDIO NATURAL;29
2023-24;4314518;MÁSTER UNIVERSITARIO EN INGENIERÍA DE TELECOMUNICACIÓN;E.T.S.I. DE TELECOMUNICACIÓN;143
2023-24;4314521;MÁSTER UNIVERSITARIO EN INGENIERÍA AERONÁUTICA;E.T.S. DE INGENIERIA AEROESPACIAL Y DISEÑO INDUSTRIAL;211
2023-24;4314523;MÁSTER UNIVERSITARIO EN INGENIERÍA QUÍMICA;E.T.S.I. INDUSTRIALES;125
2023-24;4314524;MÁSTER UNIVERSITARIO EN INGENIERÍA INDUSTRIAL;E.T.S.I. INDUSTRIALES;839
2023-24;4314526;MÁSTER UNIVERSITARIO EN INGENIERÍA INFORMÁTICA;E.T.S. DE INGENIERÍA INFORMÁTICA;78
2023-24;4314528;MÁSTER UNIVERSITARIO EN ENOLOGÍA;E.T.S.I. AGRONÓMICA Y DEL MEDIO NATURAL;55
2023-24;4314529;MÁSTER UNIVERSITARIO EN INGENIERÍA AGRONÓMICA;E.T.S.I. AGRONÓMICA Y DEL MEDIO NATURAL;188
2023-24;4314646;MÁSTER UNIVERSITARIO EN INGENIERÍA GEOMÁTICA Y GEOINFORMACIÓN;E.T.S.I. GEODESICA, CARTOGRAFICA Y TOP.;68
2023-24;4314647;MÁSTER UNIVERSITARIO EN INGENIERÍA DE CAMINOS, CANALES Y PUERTOS;E.T.S.I. CAMINOS, CANALES Y PUERTOS;202
2023-24;4314825;MÁSTER UNIVERSITARIO EN DIRECCIÓN DE EMPRESAS (MBA);E. POLITÉCNICA SUPERIOR DE ALCOY;45
2023-24;4315002;MÁSTER UNIVERSITARIO EN INGENIERÍA TEXTIL;E. POLITÉCNICA SUPERIOR DE ALCOY;45
2023-24;4315070;MÁSTER UNIVERSITARIO EN ARQUITECTURA;E.T.S. DE ARQUITECTURA;428
2023-24;4315921;MÁSTER UNIVERSITARIO EN INGENIERÍA BIOMÉDICA;E.T.S.I. INDUSTRIALES;58
2023-24;4315941;MÁSTER UNIVERSITARIO ERASMUS MUNDUS EN SANIDAD VEGETAL EN AGRICULTURA SOSTENIBLE/ EUROPEAN MASTER DEGREE IN PLANT HEALTH IN SUSTAINABLE CROPPING SYSTEMS;UNIDAD DE MÁSTERES UNIVERSITARIOS;48
2023-24;4316135;MÁSTER UNIVERSITARIO EN GESTIÓN ADMINISTRATIVA;FACULTAD DE ADMINISTRACIÓN Y DIRECCIÓN DE EMPRESAS;52
2023-24;4316557;MÁSTER UNIVERSITARIO EN ESTUDIOS DE LA CIENCIA, LA TECNOLOGÍA Y LA INNOVACIÓN;UNIDAD DE MÁSTERES UNIVERSITARIOS;33
2023-24;4316840;MÁSTER UNIVERSITARIO EN MEJORA GENÉTICA VEGETAL;UNIDAD DE MÁSTERES UNIVERSITARIOS;47
2023-24;4317401;MÁSTER UNIVERSITARIO EN SOCIAL MEDIA Y COMUNICACIÓN CORPORATIVA;FACULTAD DE ADMINISTRACIÓN Y DIRECCIÓN DE EMPRESAS;50
2023-24;4317434;MÁSTER UNIVERSITARIO EN SISTEMAS INTELIGENTES DE TRANSPORTE;E.T.S.I. CAMINOS, CANALES Y PUERTOS;14
2023-24;4317446;MÁSTER UNIVERSITARIO EN COMUNICACIÓN TRANSMEDIA;ESCUELA POLITECNICA SUPERIOR DE GANDIA;37
2023-24;4317448;MÁSTER UNIVERSITARIO EN CIBERSEGURIDAD Y CIBERINTELIGENCIA;E.T.S. DE INGENIERÍA INFORMÁTICA;70
2023-24;4317455;MÁSTER UNIVERSITARIO ERASMUS MUNDUS EN ONDAS, ACÚSTICA, VIBRACIONES, INGENIERÍA Y SONIDO / ERASMUS MUNDUS MASTER IN WAVES, ACOUSTICS, VIBRATIONS, ENGINEERING AND SOUND (WAVES);ESCUELA POLITECNICA SUPERIOR DE GANDIA;28
2023-24;4317480;MÁSTER UNIVERSITARIO EN QUÍMICA SOSTENIBLE;UNIDAD DE MÁSTERES UNIVERSITARIOS;26
2023-24;4317640;MÁSTER UNIVERSITARIO EN INGENIERÍA BIOAMBIENTAL Y DEL PAISAJE;E.T.S.I. AGRONÓMICA Y DEL MEDIO NATURAL;27
2023-24;4317898;MÁSTER UNIVERSITARIO ERASMUS MUNDUS EN MEJORA GENÉTICA VEGETAL / ERASMUS MUNDUS MASTER IN PLANT BREEDING - EMPLANT +;UNIDAD DE MÁSTERES UNIVERSITARIOS;14
2023-24;4317936;MÁSTER UNIVERSITARIO EN GANADERÍA DE PRECISIÓN;E.T.S.I. AGRONÓMICA Y DEL MEDIO NATURAL;9
2023-24;4317948;MÁSTER UNIVERSITARIO EN MECÁNICA DE FLUIDOS COMPUTACIONAL;E.T.S. DE INGENIERIA AEROESPACIAL Y DISEÑO INDUSTRIAL;44
2023-24;4317961;MÁSTER UNIVERSITARIO ERASMUS MUNDUS EN CIENCIA EN INGENIERÍA TEXTIL / ERASMUS MUNDUS MASTER OF SCIENCE IN TEXTILE ENGINEERING;E. POLITÉCNICA SUPERIOR DE ALCOY;21
2023-24;4318105;MÁSTER UNIVERSITARIO EN SEGURIDAD NUCLEAR Y PROTECCIÓN RADIOLÓGICA;E.T.S.I. INDUSTRIALES;8
2023-24;4318256;MÁSTER UNIVERSITARIO EN SEGURIDAD INDUSTRIAL;E.T.S.I. INDUSTRIALES;17
2023-24;4318298;MÁSTER UNIVERSITARIO EN INGENIERÍA EN MOVILIDAD ELÉCTRICA;E.T.S. DE INGENIERIA AEROESPACIAL Y DISEÑO INDUSTRIAL;15
2023-24;4318372;MÁSTER UNIVERSITARIO EN HUMANIDADES DIGITALES;E.T.S. DE INGENIERÍA INFORMÁTICA;12
2023-24;4318375;MÁSTER UNIVERSITARIO EN INGENIERÍA ESTRUCTURAL Y GEOTÉCNICA;E.T.S.I. CAMINOS, CANALES Y PUERTOS;26
2023-24;4318551;MÁSTER UNIVERSITARIO EN INTELIGENCIA TURÍSTICA;ESCUELA POLITECNICA SUPERIOR DE GANDIA;12
2024-25;2500739;GRADO EN ARQUITECTURA TÉCNICA;E.T.S. DE INGENIERÍA DE EDIFICACIÓN;879
2024-25;2500801;GRADO EN CIENCIAS AMBIENTALES;ESCUELA POLITECNICA SUPERIOR DE GANDIA;245
2024-25;2501355;GRADO EN TURISMO;ESCUELA POLITECNICA SUPERIOR DE GANDIA;252
2024-25;2501356;GRADO EN INGENIERÍA EN DISEÑO INDUSTRIAL Y DESARROLLO DE PRODUCTOS;E. POLITÉCNICA SUPERIOR DE ALCOY;343
2024-25;2501356;GRADO EN INGENIERÍA EN DISEÑO INDUSTRIAL Y DESARROLLO DE PRODUCTOS;E.T.S. DE INGENIERIA AEROESPACIAL Y DISEÑO INDUSTRIAL;661
2024-25;2501484;GRADO EN BELLAS ARTES;FACULTAD DE BELLAS ARTES;1523
2024-25;2501485;GRADO EN CONSERVACIÓN Y RESTAURACIÓN DE BIENES CULTURALES;FACULTAD DE BELLAS ARTES;387
2024-25;2501486;GRADO EN GESTIÓN Y ADMINISTRACIÓN PÚBLICA;FACULTAD DE ADMINISTRACIÓN Y DIRECCIÓN DE EMPRESAS;319
2024-25;2501649;GRADO EN BIOTECNOLOGÍA;E.T.S.I. AGRONÓMICA Y DEL MEDIO NATURAL;546
2024-25;2501650;GRADO EN CIENCIA Y TECNOLOGÍA DE LOS ALIMENTOS;E.T.S.I. AGRONÓMICA Y DEL MEDIO NATURAL;476
2024-25;2501651;GRADO EN ADMINISTRACIÓN Y DIRECCIÓN DE EMPRESAS;E. POLITÉCNICA SUPERIOR DE ALCOY;434
2024-25;2501651;GRADO EN ADMINISTRACIÓN Y DIRECCIÓN DE EMPRESAS;FACULTAD DE ADMINISTRACIÓN Y DIRECCIÓN DE EMPRESAS;1415
2024-25;2501653;GRADO EN INGENIERÍA AEROESPACIAL;E.T.S. DE INGENIERIA AEROESPACIAL Y DISEÑO INDUSTRIAL;571
2024-25;2501654;GRADO EN INGENIERÍA AGROALIMENTARIA Y DEL MEDIO RURAL;E.T.S.I. AGRONÓMICA Y DEL MEDIO NATURAL;672
2024-25;2501655;GRADO EN INGENIERÍA ELÉCTRICA;E. POLITÉCNICA SUPERIOR DE ALCOY;190
2024-25;2501655;GRADO EN INGENIERÍA ELÉCTRICA;E.T.S. DE INGENIERIA AEROESPACIAL Y DISEÑO INDUSTRIAL;379
2024-25;2501656;GRADO EN INGENIERÍA ELECTRÓNICA INDUSTRIAL Y AUTOMÁTICA;E.T.S. DE INGENIERIA AEROESPACIAL Y DISEÑO INDUSTRIAL;722
2024-25;2501657;GRADO EN INGENIERÍA GEOMÁTICA Y TOPOGRAFÍA;E.T.S.I. GEODESICA, CARTOGRAFICA Y TOP.;309
2024-25;2501658;GRADO EN INGENIERÍA DE ORGANIZACIÓN INDUSTRIAL;E.T.S.I. INDUSTRIALES;418
2024-25;2501659;GRADO EN INGENIERÍA EN TECNOLOGÍAS INDUSTRIALES;E.T.S.I. INDUSTRIALES;1284
2024-25;2501660;GRADO EN INGENIERÍA FORESTAL Y DEL MEDIO NATURAL;E.T.S.I. AGRONÓMICA Y DEL MEDIO NATURAL;292
2024-25;2501661;GRADO EN INGENIERÍA INFORMÁTICA;E. POLITÉCNICA SUPERIOR DE ALCOY;383
2024-25;2501661;GRADO EN INGENIERÍA INFORMÁTICA;E.T.S. DE INGENIERÍA INFORMÁTICA;2113
2024-25;2501662;GRADO EN INGENIERÍA QUÍMICA;E. POLITÉCNICA SUPERIOR DE ALCOY;216
2024-25;2501662;GRADO EN INGENIERÍA QUÍMICA;E.T.S.I. INDUSTRIALES;382
2024-25;2501663;GRADO EN INGENIERÍA DE SISTEMAS DE TELECOMUNICACIÓN, SONIDO E IMAGEN;ESCUELA POLITECNICA SUPERIOR DE GANDIA;241
2024-25;2502182;GRADO EN INGENIERÍA MECÁNICA;E. POLITÉCNICA SUPERIOR DE ALCOY;540
2024-25;2502182;GRADO EN INGENIERÍA MECÁNICA;E.T.S. DE INGENIERIA AEROESPACIAL Y DISEÑO INDUSTRIAL;713
2024-25;2502407;GRADO EN INGENIERÍA DE TECNOLOGÍAS Y SERVICIOS DE TELECOMUNICACIÓN;E.T.S.I. DE TELECOMUNICACIÓN;1142
2024-25;2502660;GRADO EN INGENIERÍA DE LA ENERGÍA;E.T.S.I. INDUSTRIALES;396
2024-25;2502731;GRADO EN INGENIERÍA BIOMÉDICA;E.T.S.I. INDUSTRIALES;376
2024-25;2503025;GRADO EN FUNDAMENTOS DE LA ARQUITECTURA;E.T.S. DE ARQUITECTURA;2133
2024-25;2503349;GRADO EN DISEÑO Y TECNOLOGÍAS CREATIVAS;FACULTAD DE BELLAS ARTES;453
2024-25;2503504;GRADO EN TECNOLOGÍAS INTERACTIVAS;ESCUELA POLITECNICA SUPERIOR DE GANDIA;181
2024-25;2503653;GRADO EN CIENCIA DE DATOS;E.T.S. DE INGENIERÍA INFORMÁTICA;495
2024-25;2503930;GRADO EN TECNOLOGÍA DIGITAL Y MULTIMEDIA;E.T.S.I. DE TELECOMUNICACIÓN;321
2024-25;2504265;GRADO EN DISEÑO ARQUITECTÓNICO DE INTERIORES;E.T.S. DE ARQUITECTURA;704
2024-25;2504322;GRADO EN INGENIERÍA FÍSICA;E.T.S.I. DE TELECOMUNICACIÓN;279
2024-25;2504353;GRADO EN MATEMÁTICAS;E.T.S.I. DE TELECOMUNICACIÓN;226
2024-25;2504381;GRADO EN INFORMÁTICA INDUSTRIAL Y ROBÓTICA;E. POLITÉCNICA SUPERIOR DE ALCOY;160
2024-25;2504381;GRADO EN INFORMÁTICA INDUSTRIAL Y ROBÓTICA;E.T.S. DE INGENIERÍA INFORMÁTICA;204
2024-25;2504505;GRADO EN GESTIÓN DEL TRANSPORTE Y LA LOGÍSTICA;E.T.S.I. CAMINOS, CANALES Y PUERTOS;212
2024-25;2504565;GRADO EN INGENIERÍA CIVIL;E.T.S.I. CAMINOS, CANALES Y PUERTOS;350
2024-25;2504788;GRADO EN COMUNICACIÓN AUDIOVISUAL;ESCUELA POLITECNICA SUPERIOR DE GANDIA;94
2024-25;3500158;MÁSTER UNIVERSITARIO EN REHABILITACIÓN Y SOSTENIBILIDAD EN EDIFICACIÓN;E.T.S. DE INGENIERÍA DE EDIFICACIÓN;26
2024-25;3500182;MÁSTER UNIVERSITARIO EN PROFESOR/A DE EDUCACIÓN SECUNDARIA;ESCUELA POLITECNICA SUPERIOR DE GANDIA;94
2024-25;3500558;MÁSTER UNIVERSITARIO ERASMUS MUNDUS EN SANIDAD VEGETAL EN AGRICULTURA SOSTENIBLE/ERASMUS MUNDUS MASTER IN PLANTH HEALTH IN SUSTAINABLE CROPPING SYSTEMS;UNIDAD DE MÁSTERES UNIVERSITARIOS;27
2024-25;4310279;MÁSTER UNIVERSITARIO EN COMPUTACIÓN EN LA NUBE Y DE ALTAS PRESTACIONES / CLOUD AND HIGH-PERFORMANCE COMPUTING;UNIDAD DE MÁSTERES UNIVERSITARIOS;44
2024-25;4310280;MÁSTER UNIVERSITARIO EN EDIFICACIÓN;E.T.S. DE INGENIERÍA DE EDIFICACIÓN;89
2024-25;4310282;MÁSTER UNIVERSITARIO EN INGENIERÍA ACÚSTICA;ESCUELA POLITECNICA SUPERIOR DE GANDIA;14
2024-25;4310284;MÁSTER UNIVERSITARIO EN INGENIERÍA DE COMPUTADORES Y REDES;UNIDAD DE MÁSTERES UNIVERSITARIOS;41
2024-25;4310288;MÁSTER UNIVERSITARIO EN TRANSPORTE, TERRITORIO Y URBANISMO;E.T.S.I. CAMINOS, CANALES Y PUERTOS;58
2024-25;4310468;MÁSTER UNIVERSITARIO EN SANIDAD Y PRODUCCIÓN VEGETAL;E.T.S.I. AGRONÓMICA Y DEL MEDIO NATURAL;33
2024-25;4310569;MÁSTER UNIVERSITARIO EN INGENIERÍA AVANZADA DE PRODUCCIÓN, LOGÍSTICA Y CADENA DE SUMINISTRO;E.T.S.I. INDUSTRIALES;56
2024-25;4310809;MÁSTER UNIVERSITARIO EN ARTES VISUALES Y MULTIMEDIA;UNIDAD DE MÁSTERES UNIVERSITARIOS;53
2024-25;4310813;MÁSTER UNIVERSITARIO EN GESTIÓN DE EMPRESAS, PRODUCTOS Y SERVICIOS;FACULTAD DE ADMINISTRACIÓN Y DIRECCIÓN DE EMPRESAS;49
2024-25;4310814;MÁSTER UNIVERSITARIO EN DIRECCIÓN FINANCIERA Y FISCAL;FACULTAD DE ADMINISTRACIÓN Y DIRECCIÓN DE EMPRESAS;51
2024-25;4310898;MÁSTER UNIVERSITARIO EN DIRECCIÓN Y GESTIÓN DE PROYECTOS;E.T.S.I. INDUSTRIALES;60
2024-25;4310960;MÁSTER UNIVERSITARIO EN GESTIÓN CULTURAL;UNIDAD DE MÁSTERES UNIVERSITARIOS;43
2024-25;4310963;MÁSTER UNIVERSITARIO EN INNOVACIÓN EN EL HÁBITAT;E.T.S. DE ARQUITECTURA;141
2024-25;4310964;MÁSTER UNIVERSITARIO EN AUTOMÁTICA E INFORMÁTICA INDUSTRIAL;UNIDAD DE MÁSTERES UNIVERSITARIOS;43
2024-25;4310965;MÁSTER UNIVERSITARIO EN CIENCIA E INGENIERÍA DE LOS ALIMENTOS;UNIDAD DE MÁSTERES UNIVERSITARIOS;54
2024-25;4310966;MÁSTER UNIVERSITARIO EN CONSERVACIÓN DEL PATRIMONIO ARQUITECTÓNICO;E.T.S. DE ARQUITECTURA;87
2024-25;4310967;MÁSTER UNIVERSITARIO EN CONSERVACIÓN Y RESTAURACIÓN DE BIENES CULTURALES;UNIDAD DE MÁSTERES UNIVERSITARIOS;85
2024-25;4310968;MÁSTER UNIVERSITARIO EN CONSTRUCCIONES E INSTALACIONES INDUSTRIALES;E.T.S.I. INDUSTRIALES;40
2024-25;4310969;MÁSTER UNIVERSITARIO EN DISEÑO Y FABRICACIÓN INTEGRADA ASISTIDOS POR COMPUTADOR;E.T.S. DE INGENIERIA AEROESPACIAL Y DISEÑO INDUSTRIAL;45
2024-25;4310971;MÁSTER UNIVERSITARIO EN INGENIERÍA DE SISTEMAS ELECTRÓNICOS;E.T.S.I. DE TELECOMUNICACIÓN;107
2024-25;4310972;MÁSTER UNIVERSITARIO EN INGENIERÍA Y TECNOLOGÍA DE SISTEMAS SOFTWARE;UNIDAD DE MÁSTERES UNIVERSITARIOS;44
2024-25;4310973;MÁSTER UNIVERSITARIO EN INGENIERÍA DEL DISEÑO;E.T.S. DE INGENIERIA AEROESPACIAL Y DISEÑO INDUSTRIAL;110
2024-25;4310974;MÁSTER UNIVERSITARIO EN INGENIERÍA DEL HORMIGÓN;UNIDAD DE MÁSTERES UNIVERSITARIOS;24
2024-25;4310975;MÁSTER UNIVERSITARIO EN INGENIERÍA DEL MANTENIMIENTO;E.T.S. DE INGENIERIA AEROESPACIAL Y DISEÑO INDUSTRIAL;62
2024-25;4310976;MÁSTER UNIVERSITARIO EN PLANIFICACIÓN Y GESTIÓN EN INGENIERÍA CIVIL;E.T.S.I. CAMINOS, CANALES Y PUERTOS;101
2024-25;4310977;MÁSTER UNIVERSITARIO EN INGENIERÍA HIDRÁULICA Y MEDIO AMBIENTE;UNIDAD DE MÁSTERES UNIVERSITARIOS;113
2024-25;4310978;MÁSTER UNIVERSITARIO EN INGENIERÍA MECÁNICA;UNIDAD DE MÁSTERES UNIVERSITARIOS;48
2024-25;4310979;MÁSTER UNIVERSITARIO EN INTELIGENCIA ARTIFICIAL, RECONOCIMIENTO DE FORMAS E IMAGEN DIGITAL;UNIDAD DE MÁSTERES UNIVERSITARIOS;52
2024-25;4310980;MÁSTER UNIVERSITARIO EN SISTEMAS PROPULSIVOS PARA UNA MOVILIDAD SOSTENIBLE;UNIDAD DE MÁSTERES UNIVERSITARIOS;29
2024-25;4310981;MÁSTER UNIVERSITARIO EN TECNOLOGÍA ENERGÉTICA PARA DESARROLLO SOSTENIBLE;E.T.S.I. INDUSTRIALES;64
2024-25;4310982;MÁSTER UNIVERSITARIO EN TECNOLOGÍAS, SISTEMAS Y REDES DE COMUNICACIONES;E.T.S.I. DE TELECOMUNICACIÓN;39
2024-25;4311602;MÁSTER UNIVERSITARIO EN BIOTECNOLOGÍA BIOMÉDICA;UNIDAD DE MÁSTERES UNIVERSITARIOS;89
2024-25;4311603;MÁSTER UNIVERSITARIO EN BIOTECNOLOGÍA MOLECULAR Y CELULAR DE PLANTAS;UNIDAD DE MÁSTERES UNIVERSITARIOS;54
2024-25;4311604;MÁSTER UNIVERSITARIO EN ECONOMÍA AGROALIMENTARIA Y DEL MEDIO AMBIENTE;UNIDAD DE MÁSTERES UNIVERSITARIOS;35
2024-25;4311605;MÁSTER UNIVERSITARIO EN GESTIÓN DE LA SEGURIDAD Y CALIDAD ALIMENTARIA;UNIDAD DE MÁSTERES UNIVERSITARIOS;61
2024-25;4311606;MÁSTER UNIVERSITARIO EN INGENIERÍA DE ANÁLISIS DE DATOS, MEJORA DE PROCESOS Y TOMA DE DECISIONES;UNIDAD DE MÁSTERES UNIVERSITARIOS;52
2024-25;4311609;MÁSTER UNIVERSITARIO EN LENGUAS Y TECNOLOGÍA;UNIDAD DE MÁSTERES UNIVERSITARIOS;30
2024-25;4311610;MÁSTER UNIVERSITARIO EN MEJORA GENÉTICA ANIMAL Y BIOTECNOLOGÍA DE LA REPRODUCCIÓN;UNIDAD DE MÁSTERES UNIVERSITARIOS;19
2024-25;4311612;MÁSTER UNIVERSITARIO EN POSTPRODUCCIÓN DIGITAL;ESCUELA POLITECNICA SUPERIOR DE GANDIA;46
2024-25;4311613;MÁSTER UNIVERSITARIO EN PREVENCIÓN DE RIESGOS LABORALES;UNIDAD DE MÁSTERES UNIVERSITARIOS;116
2024-25;4311614;MÁSTER UNIVERSITARIO EN PRODUCCIÓN ARTÍSTICA;FACULTAD DE BELLAS ARTES;184
2024-25;4311725;MÁSTER UNIVERSITARIO EN COOPERACIÓN AL DESARROLLO;UNIDAD DE MÁSTERES UNIVERSITARIOS;52
2024-25;4311726;MÁSTER UNIVERSITARIO EN INGENIERÍA AMBIENTAL;E.T.S.I. CAMINOS, CANALES Y PUERTOS;40
2024-25;4312033;MÁSTER UNIVERSITARIO EN ACUICULTURA;UNIDAD DE MÁSTERES UNIVERSITARIOS;17
2024-25;4312991;MÁSTER UNIVERSITARIO EN EVALUACIÓN Y SEGUIMIENTO AMBIENTAL DE ECOSISTEMAS MARINOS Y COSTEROS;ESCUELA POLITECNICA SUPERIOR DE GANDIA;31
2024-25;4313930;MÁSTER UNIVERSITARIO EN INVESTIGACIÓN MATEMÁTICA;UNIDAD DE MÁSTERES UNIVERSITARIOS;34
2024-25;4314065;MÁSTER UNIVERSITARIO EN INGENIERÍA, PROCESADO Y CARACTERIZACIÓN DE MATERIALES;E. POLITÉCNICA SUPERIOR DE ALCOY;35
2024-25;4314067;MÁSTER UNIVERSITARIO EN INGENIERÍA MECATRÓNICA;E.T.S. DE INGENIERIA AEROESPACIAL Y DISEÑO INDUSTRIAL;87
2024-25;4314071;MÁSTER UNIVERSITARIO EN INGENIERÍA DE ORGANIZACIÓN Y LOGÍSTICA;E. POLITÉCNICA SUPERIOR DE ALCOY;42
2024-25;4314473;MÁSTER UNIVERSITARIO EN INGENIERÍA DE MONTES;E.T.S.I. AGRONÓMICA Y DEL MEDIO NATURAL;45
2024-25;4314518;MÁSTER UNIVERSITARIO EN INGENIERÍA DE TELECOMUNICACIÓN;E.T.S.I. DE TELECOMUNICACIÓN;174
2024-25;4314521;MÁSTER UNIVERSITARIO EN INGENIERÍA AERONÁUTICA;E.T.S. DE INGENIERIA AEROESPACIAL Y DISEÑO INDUSTRIAL;184
2024-25;4314523;MÁSTER UNIVERSITARIO EN INGENIERÍA QUÍMICA;E.T.S.I. INDUSTRIALES;131
2024-25;4314524;MÁSTER UNIVERSITARIO EN INGENIERÍA INDUSTRIAL;E.T.S.I. INDUSTRIALES;806
2024-25;4314526;MÁSTER UNIVERSITARIO EN INGENIERÍA INFORMÁTICA;E.T.S. DE INGENIERÍA INFORMÁTICA;64
2024-25;4314528;MÁSTER UNIVERSITARIO EN ENOLOGÍA;E.T.S.I. AGRONÓMICA Y DEL MEDIO NATURAL;60
2024-25;4314529;MÁSTER UNIVERSITARIO EN INGENIERÍA AGRONÓMICA;E.T.S.I. AGRONÓMICA Y DEL MEDIO NATURAL;175
2024-25;4314646;MÁSTER UNIVERSITARIO EN INGENIERÍA GEOMÁTICA Y GEOINFORMACIÓN;E.T.S.I. GEODESICA, CARTOGRAFICA Y TOP.;65
2024-25;4314647;MÁSTER UNIVERSITARIO EN INGENIERÍA DE CAMINOS, CANALES Y PUERTOS;E.T.S.I. CAMINOS, CANALES Y PUERTOS;188
2024-25;4314825;MÁSTER UNIVERSITARIO EN DIRECCIÓN DE EMPRESAS (MBA);E. POLITÉCNICA SUPERIOR DE ALCOY;40
2024-25;4315002;MÁSTER UNIVERSITARIO EN INGENIERÍA TEXTIL;E. POLITÉCNICA SUPERIOR DE ALCOY;38
2024-25;4315070;MÁSTER UNIVERSITARIO EN ARQUITECTURA;E.T.S. DE ARQUITECTURA;471
2024-25;4315921;MÁSTER UNIVERSITARIO EN INGENIERÍA BIOMÉDICA;E.T.S.I. INDUSTRIALES;77
2024-25;4316135;MÁSTER UNIVERSITARIO EN GESTIÓN ADMINISTRATIVA;FACULTAD DE ADMINISTRACIÓN Y DIRECCIÓN DE EMPRESAS;43
2024-25;4316557;MÁSTER UNIVERSITARIO EN ESTUDIOS DE LA CIENCIA, LA TECNOLOGÍA Y LA INNOVACIÓN;UNIDAD DE MÁSTERES UNIVERSITARIOS;38
2024-25;4316840;MÁSTER UNIVERSITARIO EN MEJORA GENÉTICA VEGETAL;UNIDAD DE MÁSTERES UNIVERSITARIOS;43
2024-25;4317401;MÁSTER UNIVERSITARIO EN SOCIAL MEDIA Y COMUNICACIÓN CORPORATIVA;FACULTAD DE ADMINISTRACIÓN Y DIRECCIÓN DE EMPRESAS;41
2024-25;4317434;MÁSTER UNIVERSITARIO EN SISTEMAS INTELIGENTES DE TRANSPORTE;E.T.S.I. CAMINOS, CANALES Y PUERTOS;8
2024-25;4317446;MÁSTER UNIVERSITARIO EN COMUNICACIÓN TRANSMEDIA;ESCUELA POLITECNICA SUPERIOR DE GANDIA;29
2024-25;4317448;MÁSTER UNIVERSITARIO EN CIBERSEGURIDAD Y CIBERINTELIGENCIA;E.T.S. DE INGENIERÍA INFORMÁTICA;70
2024-25;4317455;MÁSTER UNIVERSITARIO ERASMUS MUNDUS EN ONDAS, ACÚSTICA, VIBRACIONES, INGENIERÍA Y SONIDO / ERASMUS MUNDUS MASTER IN WAVES, ACOUSTICS, VIBRATIONS, ENGINEERING AND SOUND (WAVES);ESCUELA POLITECNICA SUPERIOR DE GANDIA;38
2024-25;4317480;MÁSTER UNIVERSITARIO EN QUÍMICA SOSTENIBLE;UNIDAD DE MÁSTERES UNIVERSITARIOS;24
2024-25;4317640;MÁSTER UNIVERSITARIO EN INGENIERÍA BIOAMBIENTAL Y DEL PAISAJE;E.T.S.I. AGRONÓMICA Y DEL MEDIO NATURAL;32
2024-25;4317898;MÁSTER UNIVERSITARIO ERASMUS MUNDUS EN MEJORA GENÉTICA VEGETAL / ERASMUS MUNDUS MASTER IN PLANT BREEDING - EMPLANT +;UNIDAD DE MÁSTERES UNIVERSITARIOS;15
2024-25;4317936;MÁSTER UNIVERSITARIO EN GANADERÍA DE PRECISIÓN;E.T.S.I. AGRONÓMICA Y DEL MEDIO NATURAL;16
2024-25;4317948;MÁSTER UNIVERSITARIO EN MECÁNICA DE FLUIDOS COMPUTACIONAL;E.T.S. DE INGENIERIA AEROESPACIAL Y DISEÑO INDUSTRIAL;50
2024-25;4317961;MÁSTER UNIVERSITARIO ERASMUS MUNDUS EN CIENCIA EN INGENIERÍA TEXTIL / ERASMUS MUNDUS MASTER OF SCIENCE IN TEXTILE ENGINEERING;E. POLITÉCNICA SUPERIOR DE ALCOY;51
2024-25;4318105;MÁSTER UNIVERSITARIO EN SEGURIDAD NUCLEAR Y PROTECCIÓN RADIOLÓGICA;E.T.S.I. INDUSTRIALES;22
2024-25;4318256;MÁSTER UNIVERSITARIO EN SEGURIDAD INDUSTRIAL;E.T.S.I. INDUSTRIALES;21
2024-25;4318298;MÁSTER UNIVERSITARIO EN INGENIERÍA EN MOVILIDAD ELÉCTRICA;E.T.S. DE INGENIERIA AEROESPACIAL Y DISEÑO INDUSTRIAL;36
2024-25;4318372;MÁSTER UNIVERSITARIO EN HUMANIDADES DIGITALES;E.T.S. DE INGENIERÍA INFORMÁTICA;22
2024-25;4318375;MÁSTER UNIVERSITARIO EN INGENIERÍA ESTRUCTURAL Y GEOTÉCNICA;E.T.S.I. CAMINOS, CANALES Y PUERTOS;54
2024-25;4318551;MÁSTER UNIVERSITARIO EN INTELIGENCIA TURÍSTICA;ESCUELA POLITECNICA SUPERIOR DE GANDIA;24
